:020000040800F2
:1000000068C90020310300088166000845490008DE
:10001000F1620008E1160008498D000800000000A8
:100020000000000000000000000000007102000855
:100030001D1A000800000000CD0200089D6A00089B
:100040004B0300084B0300084B0300084B03000858
:100050004B0300084B0300084B0300084B03000848
:100060004B0300084B0300084B0300084B03000838
:10007000951800084B0300084B0300084B030008C9
:100080004B0300084B0300084B030008FD16000853
:10009000E5160008F11600084B0300084B030008A2
:1000A0004B0300084B0300084B0300084B030008F8
:1000B000596B00084B0300084B0300084B03000872
:1000C0004B0300084B0300084B0300084B030008D8
:1000D0004B0300084B0300084B030008D9700008CD
:1000E0004B0300084B0300084B0300084B030008B8
:1000F0004B0300084B0300084B0300084B030008A8
:100100004B0300084B0300084B0300084B03000897
:100110004B0300084B0300084B0300084B03000887
:100120004B0300084B0300084B0300084B03000877
:100130004B0300084B0300084B0300084B03000867
:100140004B0300084B0300084B030008C966000876
:100150004B030008A11800084B0300087571000844
:100160004B0300084B0300084B0300084B03000837
:100170004B0300084B0300084B030008000000007D
:100180004B0300084B03000800F002F800F060F891
:100190000AA090E8000C82448344AAF10107DA45E2
:1001A00001D100F055F8AFF2090EBAE80F0013F0D4
:1001B000010F18BFFB1A43F00103184774CF00006A
:1001C00094CF00000A444FF0000C10F8013B13F0EC
:1001D000070408BF10F8014B1D1108BF10F8015BA0
:1001E000641E05D010F8016B641E01F8016BF9D193
:1001F00013F0080F1EBF10F8014BAD1C0C1B09D1EA
:100200006D1E58BF01F801CBFAD505E014F8016B5B
:1002100001F8016B6D1EF9D59142D6D370470000ED
:100220000023002400250026103A28BF78C1FBD8FF
:10023000520728BF30C148BF0B6070471FB50CF094
:1002400045FC9DE8030000F00BFF1FBD10B510BD7D
:1002500000F08AFF1146FFF7F1FF09F0FBFD00F007
:10026000A8FF03B4FFF7F2FF03BC00F0DFFF0000BC
:100270002C4B19680868B0E8F04F80F30988BFF389
:100280006F8F4FF0000080F311887047000000006E
:1002900008480068006880F308884FF0000080F389
:1002A000148862B661B6BFF34F8FBFF36F8F00DF64
:1002B00000BF00BF08ED00E0DFF80C00016841F46A
:1002C00070010160704700BF88ED00E0EFF3098026
:1002D000BFF36F8F134B1A681EF0100F08BF20ED8D
:1002E000108A20E9F04F106009B44FF0500080F3FD
:1002F0001188BFF34F8FBFF36F8F0AF011FD4FF0DE
:10030000000080F3118809BC19680868B0E8F04F54
:100310001EF0100F08BFB0EC108A80F30988BFF3FD
:100320006F8F70472C000020EFF3058070470000AE
:100330000948804709480047FEE7FEE7FEE7FEE779
:10034000FEE7FEE7FEE7FEE7FEE7FEE704480549B5
:10035000054A064B70470000496B000889010008F8
:100360006869002068C90020688900206889002029
:1003700070B405880E884468D1F804C05368B5424B
:1003800008D140884988884201BF11888D42518830
:10039000884203D070BC6FF00200704705FB00F18B
:1003A000880827D094ED001ADCED000A94ED010ACC
:1003B000DCED011A31EE201AD4ED020A70EE211A9A
:1003C0009CED020A83ED001AC3ED011A94ED031AA5
:1003D000DCED031A30EE800A401E71EE210A83ED37
:1003E000020A04F11004C3ED030A03F110030CF137
:1003F000100CD7D111F0030030D0B0F1004F30D243
:1004000000282BDD211F1B1FACF1040210F0010F8F
:100410000AD091ED010AD2ED010A091D121D30EE3C
:10042000200A83ED010A1B1D400817D091ED010A37
:10043000D2ED010A401E30EE200A83ED010A91ED53
:10044000020AD2ED020A01F1080102F1080230EEBF
:10045000200A83ED020A03F10803E7D170BC0020F3
:100460007047B4EC010A401EFCEC010A30EE200A91
:10047000A3EC010AF5D1F1E70180428043607047A7
:100480002DE9F34F84B004984068009048680190CB
:100490000498B0F800E04588DFEDFE0A00200290E5
:1004A000B0EE600AAE4506D108884988884204BF8C
:1004B0007146864504D06FF0020006B0BDE8F08FAB
:1004C00001985FEA010C18BFB7EE001A3DD000BFDB
:1004D000BEEB0C0117D0B1F1004F80F01F82002954
:1004E00011DD021F11F0010F1CBFC2ED010A121D28
:1004F0004B1006D0C2ED010AC2ED020A08325B1EA3
:10050000F8D100EB8100BCF10102A0EC011A19D076
:10051000B2F1004F80F00882002A13DD031F12F0B1
:10052000010F1CBFC3ED010A1B1D511008D000BFF5
:10053000C3ED010AC3ED020A491E03F10803F7D116
:1005400000EB8200BCF1010CC2D14FF00008039512
:10055000002D14BFB0EE602A002000F0BF8100BF64
:10056000009908FB05F001EB800B0199DBED002AF7
:1005700001EB80000346F0EE421AC64552D9AEEBBD
:100580000802ABEB850112F0010F17D001EB8501DA
:1005900091ED000AB5EEC00AF1EE10FA07DDB4EEF7
:1005A000E10AF1EE10FA09DDF0EE401A06E0B1EED4
:1005B000400AF4EEC01AF1EE10FAF5D3521031D021
:1005C00001EB850C9CED000AB5EEC00AF1EE10FAC5
:1005D00005DDB4EEE10AF1EE10FA09DD06E0B1EE58
:1005E000400AF4EEC01AF1EE10FA01D2F0EE401A11
:1005F00001EBC50191ED000AB5EEC00AF1EE10FA6B
:1006000005DDB4EEE10AF1EE10FA09DD06E0B1EE27
:10061000400AF4EEC01AF1EE10FA01D2F0EE401AE0
:10062000521ECDD1F5EEC01AF1EE10FA00F0738132
:10063000F5EEC02A0126F1EE10FA0099D4BFB1EE12
:10064000620AB0EE620AB4EE610AF1EE10FA1CBF63
:10065000AEEB0802B2F1010C47D005FB08F201EB4A
:10066000820292ED001A00BFB0EE410A05FB06F4CB
:10067000B5EEC00A00EB8404F1EE10FACCBFF0EE48
:10068000400AF1EE400AF4EE610AF1EE10FA28D1C8
:10069000B5EB080C11D0BCF1004F7DD2BCF1000FBE
:1006A0000BDD00BF92ED000AD1ED000ABCF1010C98
:1006B000E2EC010AA1EC010AF4D129000ED0B1F15B
:1006C000004F6AD2002909DD94ED000AD0ED000A3E
:1006D000491EE4EC010AA0EC010AF5D101200290C8
:1006E0000BE0761CBCF1010CBED10298012804D0AD
:1006F000F5EEC02AF1EE10FA7ED09BED000AB5EBC4
:1007000008009A465946064622D0B0F1004F74D2EE
:1007100000281DDD091F10F0010F06D0F0EE400A81
:1007200080EEA01A81ED011A091D401010D000BF03
:10073000D1ED010A401E80EE801A81ED011A91ED83
:10074000021AC1EE000AC1ED020A01F10801EFD15F
:10075000280026D0B0F1004F7ED2002821DDAAF17A
:10076000040110F0010F06D0D1ED010A80EE801ACD
:1007700081ED011A091D401013D000BFD1ED010A0F
:10078000401E80EE801A81ED011AD1ED020A80EE42
:10079000801A81ED021A01E0CBE0D6E001F10801F8
:1007A000ECD1DDE900124FF000095FEA0E0773D0CB
:1007B000C14504BF01EB860102EB850274D091EDC7
:1007C000000ADC465046331E35D01C46B6F1004FB9
:1007D0007ED2002C2FDD0B1FABF1040C16F0010FA5
:1007E0000FD0F0EE400ADCED011AB0EE601A00EE18
:1007F000E11A83ED011A01E08DE0B1E01B1D0CF15F
:10080000040C741015D000BFD3ED010A9CED011A41
:1008100040EE410AC3ED010AD3ED020A9CED021A33
:100820000CF1080C40EE410AC3ED020A0833641EC5
:10083000EAD101EB86012B0036D0B3F1004F72D222
:10084000002B31DDA2F1040CAAF1040013F0010F1A
:100850000CD0DCED010A00E08BE090ED011A001DE8
:1008600040EE410ACCED010A0CF1040C5C1019D0E9
:10087000DCED010A90ED011A40EE410ACCED010ACF
:10088000DCED020A90ED021A083040EE410ACCED90
:10089000020A03E0000000000DE005E0641E0CF118
:1008A000080CE5D102EB830201EB88017F1E09F100
:1008B00001097FF47DAF009808F10108001D009048
:1008C0000398401E03907FF44BAE0299012900E08B
:1008D00058E004BF06B0BDE8F08F00BFB5EEC00A17
:1008E000F1EE10FA7FF4E9AD04990EFB05F3002B4D
:1008F0004A684FF000010BD902EB810C9CED000A15
:10090000B5EEC00AF1EE10FA02D1491C8B42F3D8C1
:100910008B427FF4D2AD6FF00400CEE5E0EC010A2B
:10092000491EFBD1EFE538E0E0EC010A521EFBD195
:1009300008E692ED000AD1ED000ABCF1010CE2ECF0
:10094000010AA1EC010AF4D1B7E694ED000AD0ED5A
:10095000000A491EE4EC010AA0EC010AF5D1BDE64B
:10096000D1ED000A401E80EE801AA1EC011AF7D1E9
:10097000EEE6D3ED000A401E80EE801AA3EC011AC9
:10098000F7D10EE7BCEC011AD1ED000A5B1E40EE78
:10099000410AE1EC010AF5D14DE7B0EC011AD2EDC4
:1009A000000A5B1E40EE410AE2EC010AF5D17BE74A
:1009B0002DE9F04F82B04668536801930588478857
:1009C0004B88002000900888874201BFB2F800C021
:1009D0006545528893421EBF6FF0020002B0BDE829
:1009E000F08F9FED412A4FEA970EC7F3400B00BFEF
:1009F000DDE9000202EB800A4A6898464FF00009E0
:100A0000B0EE420AB4465FEA0E0025D092ED001A1D
:100A1000DCED001A02EB8302DCED010A01EE810A33
:100A200092ED001A02EB8302401ED2ED001A02EB97
:100A3000830200EE810A9CED021ADCED030A000439
:100A40000CF1100C000C01EE210A92ED001A02EBE1
:100A5000830200EE810AD9D117F0030026D0ACF151
:100A60000404A2EB830210F0010F08D002EB830212
:100A7000D4ED010A92ED001A241D00EE810A5FEA0E
:100A80000B0013D002EB830CD4ED010A9CED001A8D
:100A900002EBC302401E00EE810AD4ED020A92ED81
:100AA000001A04F1080400EE810AEBD109F10100FB
:100AB000AAEC010A1FFA80F9486800EB8902A8F144
:100AC00001001FFA80F8B8F1000F99D1009806EBE9
:100AD0008706184480B20090681E05042D0C87D14B
:100AE00002B00020BDE8F08F0000000070B405885F
:100AF0000E884468D1F804C05368B54208D14088D4
:100B00004988884201BF11888D425188884203D0AC
:100B100070BC6FF00200704705FB00F1880827D019
:100B200094ED001ADCED000A94ED010ADCED011AE7
:100B300031EE601AD4ED020A70EE611A9CED020AE1
:100B400083ED001AC3ED011A94ED031ADCED031ACC
:100B500030EEC00A401E71EE610A83ED020A04F114
:100B60001004C3ED030A03F110030CF1100CD7D1EC
:100B700011F0030030D0B0F1004F30D200282BDD4F
:100B8000211F1B1FACF1040210F0010F0AD091EDE0
:100B9000010AD2ED010A091D121D30EE600A83ED33
:100BA000010A1B1D400817D091ED010AD2ED010A80
:100BB000401E30EE600A83ED010A91ED020AD2ED8B
:100BC000020A01F1080102F1080230EE600A83ED29
:100BD000020A03F10803E7D170BC00207047B4ECAF
:100BE000010A401EFCEC010A30EE600AA3EC010A87
:100BF000F5D1F1E72DE9F04F02884768B0F802809F
:100C00004888D1F8049082B04FF0000A164682421C
:100C100007BF098888456FF0020002B018BFBDE821
:100C2000F08F4FEA980B02EB42000190C8F34000AE
:100C3000CDF8000009EB8A01BBF1000F33D0019819
:100C400001EB820C01EB80043B46E64601EBC2055A
:100C50004FEA0B0093ED000A401E81ED000A93ED70
:100C6000010A01EB02118CED000A93ED020A0CEB74
:100C7000021C85ED000A93ED030A05EB021584EDD5
:100C8000000A04EB021403F11003E3D10EEB82001F
:100C900000EB820000EB8201ABF10100504307EB57
:100CA0000B1701EB001118F0030C21D03B1FA1EB37
:100CB00082011CF0010F06D093ED010A01EB8201C5
:100CC0001B1D81ED000A009880B100BF93ED010A61
:100CD00001EB820401EBC20184ED000A93ED020AEC
:100CE000401E81ED000A03F10803EFD107EB8C07EA
:100CF0000AF101001FFA80FA701E0604360C99D121
:100D000002B00020BDE8F08F70B5064600F08CF907
:100D1000056806F10B0020F00704B4429CBF0020D8
:100D200070BD2B466A68BAB11068A04210D304F1B6
:100D3000080188423CBF5068586007D351681019B9
:100D400041601168091B016058601460101D70BD7E
:100D500013465268002AE7D12146284600F06CF974
:100D60000028DED170BD70B50446051F00F05CF9A7
:100D70000068002C14BF446870BD002C18BFAC4242
:100D80003CBF20466468F8D301680A18AA4218BF1D
:100D9000456003D12A68054611440160286841195D
:100DA000A1421CBF6C6070BD616869602168084425
:100DB000286070BD53EA020C00F069802DE9F04B09
:100DC0004FF00006002B1FBFB3FA83F503FA05F4BA
:100DD00024FA05F65E4012BF1643B2FA82F502FA13
:100DE00005F4C5F120051EBF22FA05FC44EA0C04F7
:100DF000203556EA044C4FEA144418BF641C4FF0E7
:100E000000084FF00009904271EB030C39D3002920
:100E100019BFB1FA81F701FA07F6B0FA80F700FAC4
:100E200007F6C7F120071EBF20FA07FC46EA0C06AA
:100E30002037B6FBF4FCA7EB0507103F07F01F0BAC
:100E4000CBF120060CFA0BFB2CFA06F644BFB34696
:100E50000026202FA4BF5E464FF0000B5BEA060C75
:100E600008BF4FF0010B19EB0B09ABFB027C48EB01
:100E70000608C01B06FB02CC0BFB03CC71EB0C017C
:100E8000C1E70B46024641464846BDE8F08B13B524
:100E90004FF000004FF00001AFF30080BDE81C40B0
:100EA0007047032A40F2308010F0030C00F01580E8
:100EB00011F8013BBCF1020F624498BF11F801CB5D
:100EC00000F8013B38BF11F8013BA2F1040298BFC2
:100ED00000F801CB38BF00F8013B11F0030300F02C
:100EE0002580083AC0F0088051F8043B083A51F8D0
:100EF00004CBA0E80810F5E7121D5CBF51F8043BD5
:100F000040F8043BAFF30080D20724BF11F8013B47
:100F100011F801CB48BF11F8012B24BF00F8013BA9
:100F200000F801CB48BF00F8012B704710B5203AFC
:100F3000C0F00B80B1E81850203AA0E81850B1E892
:100F40001850A0E81850BFF4F5AF5FEA027C24BF48
:100F5000B1E81850A0E8185044BF18C918C0BDE83F
:100F600010405FEA827C24BF51F8043B40F8043B08
:100F700008BF7047D20728BF31F8023B48BF11F8BD
:100F8000012B28BF20F8023B48BF00F8012B704717
:100F90004FF000020429C0F0128010F0030C00F0A2
:100FA0001B80CCF1040CBCF1020F18BF00F8012B20
:100FB000A8BF20F8022BA1EB0C0100F00DB85FEAEE
:100FC000C17C24BF00F8012B00F8012B48BF00F8BA
:100FD000012B70474FF0000200B513469446964629
:100FE000203922BFA0E80C50A0E80C50B1F120013C
:100FF000BFF4F7AF090728BFA0E80C5048BF0CC0EA
:101000005DF804EB890028BF40F8042B08BF704747
:1010100048BF20F8022B11F0804F18BF00F8012BB9
:10102000704770477047704700487047106900204C
:10103000704770477047704738B504460A4600202D
:101040006946AFF30080002808BF38BD024600990A
:10105000204600F04FF8012038BD012000F07CB898
:10106000F8B5AFF30080054600200C46102000BF05
:101070000646A819A0420DD9324669460020AFF3B2
:101080000080070008BF00F067F80098A04218BF72
:101090000546C419FFF7C8FF05600746F01D20F09C
:1010A00007004619284600F00AF8B44208BFF8BD08
:1010B000A21B31463868BDE8F84000F01BB800219B
:1010C0000160C0E9011070471020704710B500F0B2
:1010D0000DF8006810BD10B5044600F007F8046074
:1010E00010BD0000004870470869002000487047A4
:1010F00008690020034640688C46002818BF8842D3
:101100003CBF03464068F8D318681844884207D0AB
:101110000CF1030020F00700001D411A521A01468D
:10112000081D0A60FFF71FBE1FB584B000200A9C8F
:1011300006AB04AA02A90094AFF3008018B1DDE960
:10114000020108B010BD0348204000F040F8002024
:101150000146F6E70000207C10B500F03FF8BDE83E
:10116000104000F02FB870477546FFF7BBFFAE4642
:1011700005006946534620F00700854618B020B5A3
:10118000FFF7E4F8BDE820404FF000064FF00007FD
:101190004FF000084FF0000B21F00701AC46ACE81F
:1011A000C009ACE8C009ACE8C009ACE8C0098D468C
:1011B000704710B50446AFF300802046BDE81040EC
:1011C000FFF74FB8002801D000F030B8704710B5D5
:1011D00000F04CF8BDE81040FFF7F4BF10B501284F
:1011E00005D0002103A000F027F8012010BD09A1BF
:1011F000F8E7000053494752544D454D3A204F758A
:1012000074206F662068656170206D656D6F7279FE
:10121000000000003A2048656170206D656D6F72B6
:101220007920636F727275707465640001491820CB
:10123000ABBEFEE72600020070B505460C460A204C
:1012400000E06D1C00F068F835B128780028F8D16E
:1012500002E0641C00F060F814B120780028F8D196
:10126000BDE870400A2000F057B8000010B5022811
:1012700003D0410103D50DA112E0002010BD0101F2
:1012800001D50FA10CE0C10001D511A108E081003A
:1012900001D512A104E0400001D513A100E0002116
:1012A00015A0FFF7C9FF012010BD0000496E76614F
:1012B0006C6964204F7065726174696F6E00000024
:1012C000446976696465204279205A65726F00002E
:1012D0004F766572666C6F7700000000556E64652E
:1012E00072666C6F77000000496E657861637420E8
:1012F000526573756C7400005349474650453A2057
:1013000041726974686D657469632065786365709E
:1013100074696F6E3A20000008B569468DF80000C8
:101320000320ABBE08BD000001221021014801F0DE
:1013300009BB00000000024000221021014801F01A
:1013400001BB00000000024070470000012211466E
:10135000014801F0F7BA0000000402400022012118
:10136000014801F0EFBA000000040240704730B5B8
:1013700004464FF47A7502E0284600F004F8641E33
:10138000A4B2F9D230BD70B54FF0E02500216C69F0
:10139000A822AB695043AA699A42FCD002D2A3EBBF
:1013A000020302E0A4EB02063344194413468142CF
:1013B000F1D370BD10B5FFF7C7FFFFF7D7FF08F0F7
:1013C000D3F9044608F056FA40EA04010E489FEDAE
:1013D0000D0A80ED090A9FED0D0A80ED0A0A9FEDC6
:1013E0000C0A80ED0B0A9FED0B0A80ED0C0A9FEDB5
:1013F0000A0A80ED080A9FED090A80ED060A0846F0
:1014000010BD00008756A2BA704A0020180D4B3B51
:101410003FDDB43B2E441E4112E37D3F00002042DD
:101420007CB50446002000900190FFF785FF9220D4
:1014300000F0C8F806226946122000F0A5F8FFF770
:1014400073FF9DF801009DF80010000200B20843F0
:1014500000EE100A4B4DB8EEC00AD5ED010A60EE61
:10146000200A94ED080A60EE800AC4ED000A9DF897
:1014700003009DF80210000200B2084300EE900A3B
:10148000B8EEE01AD5ED010A21EE201A21EE001A7D
:1014900084ED011A9DF805009DF80410000200B2C9
:1014A000084301EE100AB8EEC11A61EE200A20EEE0
:1014B000800A84ED020AFFF751FF082269460020E6
:1014C00000F062F8FFF742FF9DF800000F2834D1CA
:1014D0009DF803009DF80210000200B2084300EEE0
:1014E000100AD4ED090AB8EEC01A95ED020A51EEC1
:1014F000000AC4ED030A9DF805009DF804100002DF
:1015000000B2084300EE900A94ED0A1AF8EEE00AE1
:1015100010EE801A84ED041A9DF807009DF806105D
:10152000000200B2084300EE900A94ED0B1AF8EEA8
:10153000E00A10EE801A84ED051AFFF7FDFEA220E6
:1015400000F040F802226946222000F01DF8FFF763
:10155000EBFE9DF800009DF80110C00040EA51101C
:10156000B0F5806F01DBA0F5006000EE100AB4EE6C
:10157000001AF8EEC00AB3EE070A00EE810A84ED05
:10158000070A7CBD8801002070B514460D4640F066
:10159000800000F017F806E0552000F013F8641EF4
:1015A00005F8010BE4B2002CF6D170BD10B50C4665
:1015B00040F0800000F006F8552000F003F820709D
:1015C00010BD000001B582B04FF47A700090012385
:1015D00001AA02A9024802F0B7FA9DF804000EBD64
:1015E000BC05002010B50C46FFF7ECFF2046BDE817
:1015F0001040FFF7E7BFB6EE002A92ED020AB0EE08
:10160000421AD2ED030A00EE401AD0ED001AD0EDD6
:10161000013A00EEE01A21EE213A92ED011AD2EDE4
:10162000001A61EE002A41EEE02A61EE200A41EE46
:10163000800A02EEA33A90ED020AF0EE002A00EED4
:10164000803A23EE220A81ED000AD2ED010AD2EDA2
:10165000021A92ED001A92ED030A20EEA13AD0EDA3
:10166000003A90ED014A01EE003A23EE233AF0EE03
:10167000423A40EEE03A40EE403A21EE800A01EE76
:10168000600A03EE843AD0ED020A00EE203A23EE1F
:10169000220A81ED010AD2ED010AD2ED031A92ED80
:1016A000020A92ED001A20EEA13A60EE211AD0ED66
:1016B000003A00EEE02A01EE403A41EE201A90EDA9
:1016C000011A00EE402A23EE233A90ED020A01EEC1
:1016D000813A02EE003A23EE220A81ED020A7047B7
:1016E000FEE70000014800F068BC000094050020FF
:1016F000014800F062BC000094050020014800F0A1
:101700005CBC00009405002038B50E4C40F2FF157B
:1017100025600025A560E560082525610A4C050ABD
:1017200025706070080AA070E170100A2071627163
:10173000180AA071E3716B4622460249034800F083
:10174000DDFA38BDCC4A0020C001002094050020FD
:10175000002070470020704710B50022044905485A
:1017600005F0F4FE0449034805F0E3FE002010BD37
:10177000045A0020284D00200452002010B578B1F2
:1017800071B10C6864B1182C00D9182401462246A6
:101790000648FFF786FBA2B20549044807F090FA15
:1017A000044805F09FFE002010BD0000104D0020F1
:1017B000D64C0020284D002010B500F005F8002080
:1017C00010BD0020704700000A4610B501460448CD
:1017D00005F0BCFEBDE81040014805F031BF000037
:1017E000284D0020124C134D00232069194600EEAD
:1017F000100ABDEEC00A10EE100A02B2606800EED8
:10180000100ABDEEC00A10EE100A00B2FFF77CFF0E
:10181000E06801EE100A206800EE900A288800EEC9
:10182000100A0548B8EE400A09F0A8FADCE7000003
:10183000644B00207C4B0020EC06002090ED010A58
:10184000D1ED020A91ED011A20EE200AD0ED020A34
:1018500000EEC10A82ED000A90ED020AD1ED000A05
:1018600091ED021A20EE200AD0ED000A00EEC10A26
:1018700082ED010A90ED000AD1ED010A91ED001A06
:1018800020EE200AD0ED010A00EEC10A82ED020A24
:1018900070470000014800F021BE0000340700201E
:1018A000014800F01BBE00009407002001681823C7
:1018B000CAB2103AB2FBF3F2054B6FF30901032AE7
:1018C0009B5CC36500D9091D81650846704700000F
:1018D000D8CD000810B5014600208B698A6A4FF008
:1018E000C07453B1B3F5005F15D072B1012A0CD0AA
:1018F000022A0AD0032A09D104E01AB1012A06D02B
:10190000022A03D1C96AC90100D5012010BDC96AE4
:10191000A142FAD010BD002AF7D0012AF2D0022A43
:10192000F3D0032AF3D010BD0A4808B50178002986
:101930000ED1012101700849496800914269914224
:1019400002D20169491C01610099416100210170C5
:1019500008BD000000030020001000E00A484168B4
:101960000A4AD2ED010A4268521AF8EE601A01EEF4
:10197000102AB8EE411A60EE211AB4EEE11AF1EE27
:1019800010FAF0D370470000001000E000030020C0
:1019900000B50E492DED028B81B0496800910168B8
:1019A000009A511A00EE101A0949F8EE400A91ED1A
:1019B000010A0260B8EE400A80EE808AFFF7B4FFA9
:1019C00001B0B0EE480ABDEC028B00BD001000E093
:1019D000000300200D490A6842F080720A600C4939
:1019E00000224A600B6843F001030B6009494FF481
:1019F0007A734843B0FBF3F30749C1E90103054B90
:101A0000B0FBF3F0C1E90302FFF78EBFFCED00E08D
:101A1000001000E040420F0000030020704790EDEE
:101A2000000AD1ED000A91ED011A20EE200AD0ED56
:101A3000010A00EE810AD0ED020A91ED021A00EED1
:101A4000810A704770B505462DED028B8AB00020E3
:101A50003B490690079008900EC90590CDE90230E9
:101A6000CDE90012374E9FED388A04900446354880
:101A7000FFF7D6FCDDED060A96ED001AB0EE480A37
:101A800070EE810ACDED060ADDED070A96ED011A2A
:101A900070EE810ACDED070ADDED080A96ED021A17
:101AA00070EE810ACDED080AFFF758FF641CE4B21E
:101AB000642CDCD300219FED250A06AA02EB8100ED
:101AC000491CD0ED000AC9B2032980EE801A80EDCE
:101AD000001AF3D3104604F0D4FD694606A8FFF7B8
:101AE0009EFF07F0C7F9B0EE408A03AA694606A830
:101AF000FFF7A4FE03A804F0C4FDB6EE000A28EE2A
:101B0000008AB0EE480A07F0FFFB85ED000A0024CA
:101B100003AEB0EE480A07F09FFC06EB8400D0ED60
:101B2000000A05EB8400641C20EE200AE4B2022CBB
:101B300080ED010AEDD30AB0BDEC028B70BD000050
:101B4000B8CE0008704A00206F12833A0000C842E5
:101B5000B6EE002A92ED020AB0EE421AD2ED030A66
:101B600000EE401AD0ED001AD0ED013A00EEE01A76
:101B700021EE213A92ED011AD2ED001A61EE002A0F
:101B800041EEA02A61EE200A41EEC00A02EEA33A1D
:101B900090ED020AF0EE002A00EE803A23EE220ACF
:101BA00081ED000AD2ED010AD2ED021A92ED001A7F
:101BB00092ED030A20EEA13AD0ED003A90ED014AF1
:101BC00001EE403A23EE233AF0EE423A40EEE03A9C
:101BD00040EE403A21EE800A01EE200A03EE843AFC
:101BE000D0ED020A00EE203A23EE220A81ED010A2E
:101BF000D2ED010AD2ED031A92ED020A92ED001A1B
:101C000020EEA13A60EE211AD0ED003A00EEE02A73
:101C100001EE003A41EE601A90ED011A00EE402A02
:101C200023EE233A90ED020A01EE813A02EE003AE9
:101C300023EE220A81ED020A704772B6FEE7000029
:101C400010B558B1084C491E0BD310F8013B534056
:101C5000DBB234F8133083EA1222F4E74FF6FF7058
:101C600010BD104610BD0000D4CE00080322002194
:101C7000012009F027F915490861C92008F074FF0F
:101C80000125134F134C2E021248257007F028FF30
:101C90000E4A23780C32111F0E4807F0A9FFD4F822
:101CA0000100007D01280ED000223146384600F0A8
:101CB00049FE064A07480C32111F08F03FF8054854
:101CC00004F024FBE0E70122EFE70000F001002030
:101CD00000080240904B002090F82020012A07D0F5
:101CE000022A05D0416A41F48021416201207047F7
:101CF000006842690A43426100207047F0B590F8DD
:101D000020500468A468012D05D0022D03D0416A3B
:101D100041F480214DE014F0406F01D1E50045D53C
:101D2000C4F301640125A5401D608B684FF4C075A4
:101D30009BB1CE6833434E6843EAC603066805EBA1
:101D40000417F3514FF4C273076803EB04130E69D1
:101D5000FE50097D012905D009E00E88CB6843EAD1
:101D60004653EBE70168CE5846F48076CE501179A1
:101D7000D2F805304FF4C67641EA0321036806EB3A
:101D8000041699511178D2F801204FF4C47341EA36
:101D90000221026803EB0413D150006805EB041123
:101DA000425842F0010242500020F0BD416A41F425
:101DB000001141620120F0BD10B590F82020012AE9
:101DC00007D0022A05D0416A41F4802141620120F6
:101DD00010BD3B48D0F8002242F00102C0F80022BA
:101DE000D0F8002222F47C52C0F80022D0F8002261
:101DF0004B6A42EA0322C0F800220A7D02F01F0368
:101E000001229A40D0F81C329343C0F81C32CB69AF
:101E1000B3B9D0F80C329343C0F80C328C894B68BC
:101E200064F31F434C6900EBC404C4F840320C89CE
:101E30000B6864F31F434C6900EBC404C4F84432DC
:101E4000CB69012B16D1D0F80C321343C0F80C32F9
:101E50000C884B6864F31F434C6900EBC404C4F85E
:101E600040320C89CB6864F31F434C6900EBC40417
:101E7000C4F844328B69002BD0F804320ED01343DF
:101E8000C0F804320B69002BD0F8143208D0134389
:101E9000C0F81432096A012904D008E09343EFE73F
:101EA0009343F5E7D0F81C121143C0F81C12D0F888
:101EB000001221F00101C0F80012002010BD000046
:101EC00000640040704770B590F82040012C05D0A8
:101ED000022C03D0416A41F4802128E0046809B350
:101EE0002469A40720D04FF4D874056804EB0114CA
:101EF0002D5915F00405956005682D591AD0ED0887
:101F0000556005682C5904F00204D4604FF4DA746B
:101F1000056804EB01142E5906F00F06082E0CD3A9
:101F200008250DE0E468DCE7416A41F400114162F4
:101F3000012070BD6D0D1560E3E72D5905F00F050B
:101F4000156105682D59C5F30725956105682C595C
:101F5000240C54614FF4DC72046802EB0112A458A3
:101F60001C700468A458240A5C700468A458240CEB
:101F70009C700468A258120EDA704FF4DE72046886
:101F800002EB0112A4581C710468A458240A5C7165
:101F90000468A458240C9C710468A258120EDA71CB
:101FA000006829B1016941F020010161002070BD84
:101FB000C16841F02001C160F8E72DE9F05F0546F6
:101FC000006800244669D0F804908768D0F80CB007
:101FD000D0F810A0D0F81880F10748D0F90714D035
:101FE00001218160B80703D5284600F016FA0CE0FD
:101FF000780702D54FF4006407E0380702D54FF4A4
:10200000805402E0284600F007FAF80516D5296842
:102010004FF480708860B80503D5284600F0FFF9BA
:102020000CE0780502D544F4005407E0380502D5E9
:1020300044F4804402E0284600F0F0F9F80316D595
:1020400029684FF480308860B80303D5284600F033
:10205000E8F90CE0780302D544F4004407E03803C3
:1020600002D544F4803402E0284600F0D9F9300764
:1020700007D55FEACB6004D52968102044F40074CA
:10208000C86070074FF0080707D55FEA0B7004D5EA
:102090002868C760284600F067F9B00706D52868A9
:1020A000C068800702D0284600F060F9700607D5A6
:1020B0005FEACA6004D52968102044F4806408618E
:1020C000B00607D55FEA0A7004D52868076128467C
:1020D00000F074F9F00606D528680069800702D080
:1020E000284600F06CF9B00308D55FEAC96005D551
:1020F000296810204860284600F062F9F00307D5EF
:102100005FEA097004D528684760284600F08AF91C
:10211000300446D55FEA497040D5F00504D55FEA42
:10212000C87001D044F00104B00504D55FEA88709E
:1021300001D544F00204700504D55FEA487001D56A
:1021400044F00404300529D518F0700F26D008F0AB
:102150007000402815D006DC102809D020280AD0AD
:10216000302816D10AE050280ED0602811D10EE098
:1021700044F008040DE044F010040AE044F02004A8
:1021800007E044F0400404E044F0800401E044F43B
:1021900080742868816921F07001816129680420B8
:1021A0004860002C05D0686A204368622846FFF723
:1021B00089FEBDE8F09F70B5040003D094F82000BC
:1021C00010B104E0012070BD204600F081F82068C5
:1021D000016841F00101016000F0BAFB05460526E7
:1021E00004E000F0B5FB401B0A2811D820684068C5
:1021F000C007F6D02068016821F00201016000F0FC
:10220000A7FB05460BE000F0A3FB401B0A2806D9FC
:10221000606A40F40030606284F82060D2E7206891
:1022200040688007EFD4207E0128206801683DD0F7
:1022300021F080010160607E01282068016838D0AB
:1022400021F040010160A07E01282068016833D0A0
:1022500021F020010160E07E0128206801682ED075
:1022600041F010010160207F01282068016829D019
:1022700021F008010160607F01282068016824D0F6
:1022800021F004010160D4E902010843D4E90412F9
:10229000114308436168491E08432168C861002052
:1022A0006062012084F82000002070BD41F08001B0
:1022B000C0E741F04001C5E741F02001CAE721F045
:1022C0001001CFE741F00801D4E741F00401D9E75C
:1022D00010B586B0044614216846FEF77BFE1F4900
:1022E0002068884237D11E480021026842F00072FF
:1022F0000260006800F0007005901948103802680C
:1023000042F0080202600068022200F00800059016
:102310000320CDE90210CDE90002092004906946AE
:10232000104800F027FA00220521132000F082FB5C
:10233000132000F071FB00220621142000F07AFB2C
:10234000142000F069FB00220521152000F072FB2B
:10235000152000F061FB06B010BD000000640040D5
:1023600040380240000C02407047000010B5006881
:102370000D49884217D10D4B0D4A00210D48FFF73A
:10238000A2FD0B480068A0F50070053807D00228B0
:1023900009D106490848BDE8104007F0F5BA0648DB
:1023A00002490A38F7E710BD00640040D001002060
:1023B000B04A002094050020864B002070477047EB
:1023C000704770B5044690F82000012804D0606A78
:1023D00040F40020606217E0022084F820002068AA
:1023E000016821F00101016000F0B2FA05460DE03C
:1023F00000F0AEFA401B0A2808D9606A40F40030A9
:102400006062052084F82000012070BD20684068CB
:10241000C007EDD1606270BD70477047704770476C
:102420007047704770472DE9F0410446876D00F012
:102430008FFA054694F835000026022806D0802041
:10244000606584F834600120BDE8F081206801688F
:1024500021F0160101602068416921F0800141618D
:10246000206C08B9A06C20B12068016821F0080137
:1024700001602068016821F0010101600CE000F0BA
:1024800067FA401B052807D920206065032084F8DF
:10249000350084F83460D7E720680068C007EED1C3
:1024A00094F85C103F208840B860012084F8350023
:1024B00084F834600020C7E790F83510022903D073
:1024C0008021416501207047052180F835100068A2
:1024D000016821F001010160002070472DE9F843F7
:1024E00004464FF00009CDF8009063484FF41651B0
:1024F000A56D0068B0FBF1F72E6894F85C20082108
:1025000001FA02F030420FD02068026852070BD562
:10251000026822F00402026094F85C008140A96025
:10252000606D40F00100606594F85C104FF00108A8
:1025300008FA01F0304208D021684969090604D53B
:10254000A860606D40F00200606594F85C100420A3
:102550008840304208D021680968890704D5A860FE
:10256000606D40F00400606594F85C1010208840B5
:10257000304218D021680968090714D5A86020687E
:102580000168490304D50068000308D5A16C07E081
:102590000168C90503D4016821F008010160216CBC
:1025A00009B12046884794F85C10202088403042CA
:1025B00031D021680968C9062DD5A86094F8350086
:1025C00005282068016806D0490347D50068000344
:1025D0001DD4616C1CE021F0160101602068416986
:1025E00021F080014161206C08B9A06C20B1206805
:1025F000016821F00801016094F85C103F208840D8
:10260000A86084F8358084F83490216D1FE0E16B78
:1026100009B120468847606D00282BD0606DC00747
:1026200014D0052084F835002068016821F00101EC
:1026300001600098401C0090B84203D820680068F0
:10264000C007F6D184F8358084F83490E16C002915
:1026500010D001B02046BDE8F04308470168C90525
:10266000D5D4016821F01001016084F8358084F828
:102670003490CCE7BDE8F883240000202DE9F04138
:10268000044600F065F905465CB1022084F8350087
:10269000002684F834602068016821F0010101609F
:1026A0000DE00120BDE8F08100F052F9401B052843
:1026B00005D920206065032084F83500F2E7206802
:1026C0000068C007F0D121680A6820480240D4E9B8
:1026D00001031843D4E903352B43184363691843B6
:1026E000A3691843E3691843236A18431043626AD5
:1026F000042A03D1D4E90B231A431043086020684D
:102700004069656A20F0070128460D430127042827
:102710000CD1A06A0543E06A40B12046FFF7DAF821
:1027200020B14020606584F83570BAE720684561C3
:102730002046FFF7BBF894F85C203F219140816070
:10274000666584F835700020ACE700003F8010F02B
:1027500070B5044600F0FCF80546601C02D0044841
:102760000078044400F0F4F8401BA042FAD370BD96
:10277000180000202DE9F84FDFF89C910022A9F104
:10278000040B03274FF00F0C09F1040AABF1040E00
:1027900001250B6895402B40AB426ED10C7904F0BB
:1027A0000304012C01D0022C15D18668540007FACD
:1027B00004F826EA0806D1F80C8008FA04F848EA7A
:1027C0000608C0F808804468AC430D79C5F30015CD
:1027D0009540254345600C79E443A40708D0C568BB
:1027E000540007FA04F6B5438E68A6402E43C6602F
:1027F0000C7904F00304022C11D1D40800EB8406F8
:10280000356A5407E40E0CFA04F825EA0805D1F8F5
:10281000108008FA04F848EA0508C6F82080056820
:10282000540007FA04F6B5430E7906F00306A640F5
:102830002E4306604C6814F4403F66D0374C256840
:1028400045F480452560246822F0030504F48044A3
:102850000094334C05EB0408D8F808589407260F69
:102860000CFA06F4A5432F4CA04201D1002424E029
:102870002D4CA04202D101241FE046E02B4CA04287
:1028800001D1022419E02A4CA04201D1032414E012
:10289000284CA04201D104240FE0274CA04201D1D2
:1028A00005240AE0254CA04201D1062405E0244C71
:1028B000A04201D1072400E00824B4402C43C8F80A
:1028C0000848D9F800404D464E689C43F60200D5B2
:1028D0001C432C60DAF8004055464E689C43B60213
:1028E00000D51C432C60DBF800405D464E689C43DD
:1028F000B60300D51C432C60DEF8004075464E68D8
:102900009C43F60300D51C432C60521C102AFFF494
:102910003FAFBDE8F88F0000083C0140443802405A
:102920000030014000000240000402400008024064
:10293000000C024000100240001402400018024047
:10294000001C02400AB1816170470904FBE70000E6
:102950000148806870470000180000200248816824
:102960000278114481607047180000200B4810B5B0
:10297000016841F400710160016841F48061016007
:10298000016841F480710160032000F073F80F20AA
:1029900000F006F800F024F8002010BD003C0240D2
:1029A00070B50D4D04464FF47A712878B1FBF0F004
:1029B0000A490968B1FBF0F001F0B9F948B9102CE7
:1029C00007D200222146501E00F034F800206C602F
:1029D00070BD012070BD0000180000202400002000
:1029E0000C4882B0016841F480410160006800F445
:1029F000804000900748001F016841F0805101604D
:102A00000068002200F0805000900F21901E02B05C
:102A100000F010B844380240002809DB00F01F0223
:102A2000012191404009800000F1E020C0F8001130
:102A300070470000F0B40E4B1B68C3F30223C3F1D0
:102A40000704042C00D904241D1D072D01D20023E6
:102A500000E0DB1E012606FA04F56D1E0D409D40C8
:102A60009E40761E164045EA0601F0BC06F0F1B91C
:102A70000CED00E0064A00F0070110684FF6FF0376
:102A8000184040EA012003490843106070470000E5
:102A90000CED00E00000FA0570470068416200207C
:102AA0007047F0B50368586A39B19C6A4FF4827573
:102AB00000EB144400204E1E0AE040EA02409862F7
:102AC0000FE005EB8007DF59401C04EB1744C0B250
:102AD000B042F6D344EA02404FF4807202EB810127
:102AE00058500020F0BDD0F8E00405F042B801EBEA
:102AF000C10200EB8202D0F8E004126A04F093BF36
:102B000001EBC10200EB8202D0F8E004D2F86022AF
:102B100004F0E5BFD0F8E00405F02DB80A0601F096
:102B20000F0101EBC10100EB810101D5143101E07E
:102B300001F51571006805F011BF70B504460B066C
:102B400001F00F0000EBC00104EB81014FF0010226
:102B50004FF0000502D54A75143103E081F8555253
:102B600001F51571087094F89404012808D084F8D0
:102B70009424206805F010FC84F89454002070BD63
:102B8000022070BD70B5044601F00F00227990421A
:102B900001D9012070BD0B0601F00F0101EBC1014D
:102BA00004EB81014FF001024FF0000502D54A7598
:102BB000143103E081F8555201F515718D700870DC
:102BC00094F89404012808D084F89424206805F02F
:102BD00051FD84F89454002070BD022070BD01F0B6
:102BE0000F0101EBC10100EB8100D0F868027047D2
:102BF0002DE9F04104460F0601F00F0000EBC00183
:102C000004EB81014FF001064FF0000502D54E752F
:102C1000143103E081F8555201F51571C2F30A022F
:102C200008708A600B714A7802B14883022B00D188
:102C30004D7194F89404012809D084F894642068B4
:102C400005F0F8FA284684F89454BDE8F081022093
:102C5000FBE710B501F00F0404EBC40100EB8101A8
:102C6000C1E998230023C1F8683281F8553281F810
:102C70005442837901F51571012B00D1CA61827923
:102C8000006805F04FFD002010BD70B504460D46EC
:102C900001F00F002179884201D9012070BD290679
:102CA0004FF000064FF0010206D500EBC00104EB27
:102CB00081014A75143107E005EBC50104EB810180
:102CC00081F8556201F515718A70087094F89404C2
:102CD000012807D084F89424206805F0F7FC280721
:102CE00002D007E0022070BDA17904F29C42206866
:102CF00005F094FC84F89464002070BD10B501F0D8
:102D00000F0404EBC40100EB8101C1E90823002397
:102D10008B6201234B7501F8144F8379012B00D18D
:102D2000CA618279006805F0FDFC002010BD00003A
:102D30002DE9F84F05680446284605F0AAFE00284C
:102D40007DD1206805F0D1FE002878D0D5F808089C
:102D5000C0F30D20C4F8D404206805F0C6FE800737
:102D600004D52068416901F002014161206805F045
:102D7000BCFEC10604F29C40009034D520688169F5
:102D800021F0100181612F6A07F00F0000EBC000F5
:102D900004EB8006C7F3434006F51576022802D0FF
:102DA000062811D01AE047F6F070074216D0C7F394
:102DB0000A1217462846F16805F09BFEF068384471
:102DC000F0607069384408E008222846009905F050
:102DD00090FE7069C7F30A11084470612068816928
:102DE00041F010018161206805F07FFE00034FF083
:102DF000010B7AD50026206805F056FE8046DFF8E4
:102E000078A46FE05FEAC87069D0F1B2206805F07D
:102E100064FE0746C00707D005EB4611C1F808BBA2
:102E20003146204603F056FC380722D505EB461103
:102E30000820C1F8080B2068D0F8409000E018E2A4
:102E400000EB4610D0F8082BD14505D9110403D565
:102E50004FF40041C0F8081B204600F0F0FAD145BD
:102E600007D9A079012804D120680121009A05F032
:102E7000D5FBF80604D505EB46111020C1F8080B68
:102E8000B8071DD56869000605D5D5F8040840F4D3
:102E90008061C5F8041806EBC60004EB800090F8CA
:102EA000571200F51570012905D10021C170F1B24A
:102EB000204600F0E7F905EB46110220C1F8080BA7
:102EC000B80604D505EB46102021C0F8081BB8044D
:102ED00005D505EB46104FF40051C0F8081B4FEA2A
:102EE0005808761CB8F1000F8CD1206805F0FDFD64
:102EF00040036DD5206805F0D0FD8046002664E0D3
:102F00005FEAC8705ED0F1B2206805F0D4FD0746D4
:102F1000C00723D006F00F010BFA01F0D5F83418E2
:102F20008143C5F8341805EB4610C0F808B9A079FC
:102F300001280FD106EBC60004EB8000D0E9072181
:102F40001144016236B9606A20B920680121009AF3
:102F500005F064FBF1B22046FFF7C9FD380704D540
:102F600005EB46110820C1F80809F80604D505EB61
:102F700046111020C1F80809780604D505EB461063
:102F80004021C0F80819B80716D53146284605F083
:102F900055FD06EBC60004EB8000C17D143001290D
:102FA00005D10021C170F1B2204600F067F905EBB0
:102FB00046110220C1F80809380603D531462046DB
:102FC00003F0EEFB4FEA5808761CB8F1000F97D1DA
:102FD000206805F08AFD002811DAD5F8040820F0F1
:102FE0000101C5F8041894F8CC0401282BD0204620
:102FF00000F00AFA2068416901F00041416120684F
:1030000005F073FD00050BD5D5F80808C00702D000
:10301000204600F03DFA2068416901F400614161F9
:10302000206805F062FDC00467D5D5F8040820F0DB
:103030000101C5F804181021206805F0FFFC0021EB
:103040004FF67F3220E0002084F8CC040146204671
:10305000FFF722FDCEE705EB4110C0F80829D0F8B4
:10306000003923F40013C0F80039C0F8082BD0F859
:10307000003B23F40013C0F8003BD0F8003B43F0C2
:103080000063C0F8003B491C20798842E3D8D5F89A
:103090001C0840F00111C5F81C18E07B00282846E8
:1030A0000DD0D0F8840840F00B01C5F88418D5F88D
:1030B000440840F00B012846C5F844180DE0D0F84C
:1030C000140842F22B010843C5F81408D5F810087B
:1030D00040F00B012846C5F81018D0F8000820F47D
:1030E000FE61C5F80018A1792068009A05F096FAEB
:1030F0002068416901F480514161206805F0F5FCC8
:10310000800415D5206805F0D5F8206805F0B4FCDA
:10311000E07100F06FFA0146E279206805F048FDA1
:10312000204600F05BF92068416901F400514161DB
:10313000206805F0DAFC000707D5204600F068F9A2
:103140002068416901F008014161206805F0CDFC6B
:10315000000615D5A86920F08001A96101260CE0C0
:1031600006EBC60004EB800090F85702012803D15B
:10317000F1B22046FFF7D2FC761C2079B042EFD89E
:10318000206805F0B2FCC0021FD501265F4614E09E
:1031900005EB4610D0F8001906EBC60004EB8000E2
:1031A000027E012A08D1002906DAC775F0B240F084
:1031B00080012046FFF7B2FC761C2079B042E7D8A8
:1031C0002068416901F480114161206805F08DFC9F
:1031D000800231D501205B4626E005EB4011D1F895
:1031E000001B00EBC00204EB820292F85862012E31
:1031F00019D1002917DA94F8D464C1F3004106F01C
:1032000001068E420FD182F85732A96941F080023F
:10321000AA616969090606D4D5F8040840F400706B
:10322000C5F8040803E0401C21798142D5D8206804
:10323000416901F400114161206805F056FC40002D
:1032400007D52046FFF74FFC2068416901F0804117
:103250004161206805F049FC40070AD520684568AF
:10326000680702D52046FFF755FC206841682943CE
:103270004160BDE8F88F00000A30544FD0F8E004F8
:1032800004F0CBBCD0F8E00404F0DBBCF8B50400DB
:1032900005D094F895042668002510B106E00120B9
:1032A000F8BD84F89454204600F056F8032084F8C2
:1032B0009504B6F1A04F00D1A571206805F0A8F9DA
:1032C000207C8DF8000094E80F0005F001F802263C
:1032D000B0BB0021206805F02BFC88BB0021012732
:1032E0000CE001EBC10004EB800047750175C1855E
:1032F0000576C5610562491CC9B2456220798842DC
:10330000EFD8002111E001EBC10004EB800080F850
:10331000555280F8541280F85852C0F85C52C0F8E8
:103320006052491CC9B2C0F8645220798842EAD878
:10333000207C8DF8000094E80F0005F0B1F810B182
:1033400084F89564ABE7657484F89574206805F09B
:1033500099F80020F8BD000010B586B0044614218D
:103360006846FDF737FE2068B0F1A04F2FD119480D
:103370000021026842F001020260006800F00100D2
:1033800005904FF4C05000900220CDE901010320C8
:1033900003900A20049069460F48FFF7EBF90D48A7
:1033A000001D016841F0800101600A481430016885
:1033B00041F4804101600068002200F480400590E3
:1033C00005214320FFF736FB4320FFF725FB06B01E
:1033D00010BD0000303802400000024070B50446C5
:1033E000C079012570B1022801D0FEF726FC2946DC
:1033F000D4F8E00404F094FCD4F8E004BDE8704094
:1034000004F048BC0025F2E7D0F8E00404F071BCF9
:10341000D0F8E00404F077BC10B5044690F89404AA
:1034200001280AD0012084F894046174206805F012
:10343000ADFB002084F8940410BD022010BDD0F82C
:10344000E02400F29C41104604F076BC10B504461E
:10345000006894F89414012909D0012184F8941487
:10346000C168490609D5617B012902D005E0022027
:1034700010BD816B41F480318163206805F0BCFA96
:10348000206804F0F1FF002084F8940410BD0000CF
:1034900010B50446D0F8E00404F090FC2068D0F8A1
:1034A000001E41F00101C0F8001EE07A002804D09F
:1034B0000248016841F00601016010BD10ED00E016
:1034C0002DE9F0470D46040065D0DFF81491D9F8D6
:1034D0000000EFB200F00700A84207D289F80070A0
:1034E000D9F8000000F00700A84254D120683D4EF2
:1034F000810712D5400703D5306840F4E0503060B2
:103500002078000703D5306840F4604030603068B0
:10351000A16820F0F000084330602078C0072DD06B
:10352000304960680839012812D0022813D00328D6
:1035300011D00968890700292DDA316821F00301CB
:1035400001433160FFF704FA804641F2883A0EE009
:1035500009688903EFE709688901ECE7FFF7F8F9E3
:10356000A0EB0801514502D90320BDE8F08730687F
:10357000616800F00C00B0EB810FEFD1D9F80010BA
:10358000484601F00701A94207D90770006800F01A
:103590000700A84201D00120E7E72078400705D5C1
:1035A0003068E16820F4E05008433060207800077C
:1035B00006D53068216920F4604040EAC1003060DF
:1035C00000F03EF83168084AC1F30311515CC8406D
:1035D0000649086006480068FFF7E2F90020C4E7E2
:1035E000003C024008380240E0CD000824000020E2
:1035F0001C000020014800687047000024000020E3
:103600000448054900680968044AC1F38221515CF5
:10361000C84070472400002008380240F0CD000860
:103620000448054900680968044AC1F34231515C05
:10363000C84070472400002008380240F0CD000840
:10364000154810B5006810F00C01144813D0144B45
:1036500004290FD008290ED10F4C241F216801F036
:103660003F022168490207D52068C0F38810A0FBFB
:10367000030106E0184610BD2168C1F38811A1FBC3
:1036800000010023FDF796FB2168C1F30141491CAD
:103690004900B0FBF1F010BD083802400024F400EE
:1036A000001BB7002DE9F84F040075D02078DFF833
:1036B00038A3C007AAF1040548D00AF10400016844
:1036C000C1F38101012908D00068C0F381000228FC
:1036D0000AD1DAF80000400206D52868800335D503
:1036E00060680028E1D031E06068B0F5803F10D01C
:1036F000B0F5A02F286810D020F48030286028680A
:1037000020F4802028606068A0B1FFF721F9064608
:103710000CE0286840F48030F4E740F48020286012
:10372000F7E7FFF715F9801B642871D82868800334
:10373000F7D50BE0FFF70CF9064604E0FFF708F9B0
:10374000801B6428F1D828688003F7D42078DFF83C
:103750009C9280074FF0000B3DD5A348001D0168E7
:1037600011F00C0F08D00068C0F3810002280AD1C4
:10377000DAF80000400206D42868800715D5E06812
:10378000012809D111E0E068B8B10120C9F80000B2
:10379000FFF7DEF8064605E022E1FFF7D9F8801BC7
:1037A0000228C2D828688007F7D52868216920F048
:1037B000F80040EAC10028600DE0C9F800B0FFF74A
:1037C000C7F8064604E0FFF7C3F8801B02281FD89D
:1037D00028688007F7D42078000722D5824F8448D4
:1037E0006169703771B101210160FFF7B1F80646D8
:1037F00004E0FFF7ADF8801B022809D8386880077D
:10380000F7D50EE0C0F800B0FFF7A2F8064605E0D5
:1038100082E0FFF79DF8801B02287DD8386880077A
:10382000F7D42078400765D56F484FF000083C304A
:103830000068C0000BD46C483C30016841F08051F6
:10384000016000684FF0010800F080500090694F5F
:103850003868C0050FD4386840F480703860FFF7CE
:1038600077F8064604E0FFF773F8801B022853D868
:103870003868C005F7D55C4FA0686C3701280FD0B9
:103880000528386810D020F001003860386820F032
:1038900004003860A068B0B1FFF75AF806460EE0A1
:1038A000386840F00100F4E740F004003860F7E7C2
:1038B000FFF74EF8811B41F28830814263D83868A7
:1038C0008007F5D50DE0FFF743F8064606E0FFF761
:1038D0003FF8811B41F28830814254D83868800714
:1038E000F5D4B8F1000F05D03F483C30016821F015
:1038F00080510160A069B8B33B49091D0968C1F353
:103900008101022946D00228584606D0C9F8600035
:10391000FFF71EF8044639E035E04F46C9F860006D
:10392000FFF716F8064604E0FFF712F8801B02289E
:1039300029D828688001F7D4D4E907010843A16A8F
:103940002D4A490802EB0141626A41EA82110843AB
:1039500094F82C1040EA0161CAF800100120386682
:10396000FEF7F6FF044605E03CE0FEF7F1FF001B22
:10397000022808D828688001F7D533E0FEF7E8FF71
:10398000001B022802D90320BDE8F88F28688001B7
:10399000F4D427E00128F7D0DAF80000E26900F457
:1039A000800191421CD1226A00F03F01914217D15F
:1039B00047F6C071626A0140B1EB821F10D1A26A62
:1039C0004FF0FF3300F4403103EB5202B1EB024FF2
:1039D00006D194F82C1000F07060B0EB016F01D0AC
:1039E0000120D1E70020CFE7043802400000474221
:1039F000800E4742007000400000FFFF70B50400D9
:103A000009D0606A002540B125616561A56294F81E
:103A1000510040B10CE0012070BD6068B0F5827FBC
:103A2000F4D0E561F2E784F85050204600F044F805
:103A3000022084F851002068016821F040010160F3
:103A4000A088218900F4827001F404410843A1890F
:103A500001F400610843217C01F002010843217D4B
:103A600001F001010843218B01F400710843217F1B
:103A700001F03801084394F8201001F08001084358
:103A8000218D01F40051084321680860A0690421D8
:103A900001EA104094F8241001F010010843216855
:103AA00048602068C16921F40061C1616565012039
:103AB00084F85100002070BDF0B587B00446142191
:103AC0006846FDF787FA1C492068884232D11B48B6
:103AD0000025016841F480510160006800F48050C5
:103AE000059016481438016841F002010160016830
:103AF00001F002010591016841F0010101600068D7
:103B0000022600F0010005901820CDE900060327E9
:103B100005240295CDE9037469460948FEF72AFE9B
:103B20008020CDE900060295CDE903746946054879
:103B3000FEF720FE07B0F0BD0030014044380240DF
:103B400000040240000002402DE9FF4F81B01F46F3
:103B50009346044601250E9EFEF7FAFE804694F831
:103B600051006168012806D0B1F5827F3CD1A1687F
:103B7000C9BB042838D10298002870D0BBF1000FCF
:103B8000FBD0002FF9D094F8500001282CD04FF032
:103B9000010A84F850A094F85100042802D00520AE
:103BA00084F851004FF00009C4F85490C4F838B0BC
:103BB000E787A78702992163E786A786C4F8409024
:103BC000C4F8449020680168490603D4016841F0B4
:103BD00040010160E068B0F5006F606808D0E8B3AC
:103BE000012F47D07DE0FFE7022005B0BDE8F08F50
:103BF00008B1012F37D1206B21680088C860206B85
:103C0000801C2063E08E401EE0862CE020688168E6
:103C100089070DD5E18E59B1012D09D1216B098894
:103C2000C160206B801C2063E08E401EE086002572
:103C300020688168C9070BD0E18F49B1C068A16BCA
:103C40000880A06B801CA063E08F401EE0870125E8
:103C5000FEF77EFEA0EB0800B04201E00AE064E05F
:103C600001D3701C4ED1E08E0028CFD1E08F002808
:103C7000CCD13CE0206B216800780873206B401C9D
:103C80002063E08E401EE0862BE020688168890773
:103C90000DD5E18E59B1012D09D1216B0978017340
:103CA000206B401C2063E08E401EE08600252068CB
:103CB0008168C9070BD0E18F49B1C068A16B08705A
:103CC000A06B401CA063E08F401EE0870125FEF73B
:103CD0003FFEA0EB0800B04202D3701C01D011E0FF
:103CE00086B1E08E0028D0D1E08F0028CDD14246A9
:103CF0003146204602F0F0FD50B12020606584F886
:103D0000509012E084F851A084F8509003206CE7A2
:103D1000A06818B92068C1688068009084F851A034
:103D200084F85090606D0028F1D001205DE710B557
:103D3000401EB0F1807F01D3012010BD4FF0E02480
:103D400060610F21601705F084F80020A061072052
:103D50002061002010BD70477047000070B590F8DA
:103D60003C20012A32D0012580F83C50022280F804
:103D70003D2002685368946823F070060B68334353
:103D80005360134B02689A4214D0B2F1804F11D0A5
:103D9000104B9A420ED0104B9A420BD00F4B9A42C6
:103DA00008D00F4B9A4205D00E4B9A4202D00E4BD0
:103DB0009A4204D1496824F080031943916080F845
:103DC0003D50002180F83C10084670BD022070BDB7
:103DD000000001400004004000080040000C0040CA
:103DE00000040140004001400018004010B50400EC
:103DF00003D094F83D0010B107E0012010BD002071
:103E000084F83C00204600F01FF8022084F83D00B2
:103E1000211D206802F0A6FE012084F8460084F8E7
:103E20003E0084F83F0084F8400084F8410084F8A4
:103E3000420084F8430084F8440084F8450084F884
:103E40003D00002010BD000008B50068B0F1804FB3
:103E50000CD01049884208D10F48016841F4003164
:103E60000160006800F40030009008BD0A48001F9F
:103E7000016841F0010101600068002200F00100CA
:103E8000009005211C20FEF7D5FDBDE808401C2050
:103E9000FEF7C2BD004401404438024090F83D1096
:103EA000012901D001207047022180F83D100168EE
:103EB000CA6842F00102CA6000681149884214D001
:103EC000B0F1804F11D00F4988420ED00E49884280
:103ED0000BD00E49884208D00D49884205D00D49C3
:103EE000884202D00C49884204D1816801F0070160
:103EF000062903D0016841F00101016000207047EC
:103F0000000001400004004000080040000C004098
:103F100000040140004001400018004070B5044614
:103F200090F83C000025012817D0012684F83C6059
:103F3000022084F83D002068826822F0770222F493
:103F40007F4282600868502838D00DDC20284FD08E
:103F500005DC90B3102811D14AE0022070BD302852
:103F600046D040280AD13BE060282FD070280DD0E1
:103F7000B0F5805F03D0B0F5005F12D0012584F862
:103F80003D60002084F83C00284670BDCB68D1E934
:103F90000121206802F05BFE2068816841F0770112
:103FA00009E0CB68D1E90121206802F050FE2068C9
:103FB000816841F480418160E1E719E0CA6849689D
:103FC000206802F019FF5021206806E0CA6849689D
:103FD000206802F022FF6021206802F042FECEE756
:103FE000CA684968206802F007FF40212068F4E7AA
:103FF000226801461046F0E770472DE9F04104467B
:104000000068C66805694FF00007A90713D5B10716
:1040100011D5F91E01610120207720688069800791
:10402000204602D0FFF7E8FF04E000F0A9F82046A0
:1040300000F03BF92777680716D5700714D521687B
:104040006FF004000861022020772068806910F476
:10405000407F204602D0FFF7CFFF04E000F090F849
:10406000204600F022F92777280715D5300713D509
:1040700021686FF008000861042020772068C0697B
:104080008007204602D0FFF7B7FF04E000F078F881
:10409000204600F00AF92777E80616D5F00614D571
:1040A00021686FF010000861082020772068C0693F
:1040B00010F4407F204602D0FFF79EFF04E000F09E
:1040C0005FF8204600F0F1F82777E80708D0F007FE
:1040D00006D021686FF001000861204600F04EF91B
:1040E000280608D5300606D521686FF080000861E3
:1040F0002046FFF730FE680608D5700606D5216811
:104100006FF040000861204600F039F9A8060AD592
:10411000B00608D521686FF0200008612046BDE890
:10412000F041FFF719BEBDE8F081000010B586B080
:10413000044614216846FCF74DFF0E49206888426A
:1041400015D10D48016841F020010160006801218E
:1041500000F020000590402000900220CDE90101F0
:1041600003900320049069460448FEF703FB06B061
:1041700010BD0000004401403038024000140240ED
:10418000704770B5044690F83C0000260D460128A3
:104190000FD0012084F83C006AB1042A1DD0082AFF
:1041A0002FD00C2A3FD00126002084F83C00304656
:1041B00070BD022070BD206802F05CFD206881693E
:1041C00041F0080181612068816921F00401816169
:1041D000206881692A69114311E0206802F07AFDA4
:1041E0002068816941F4006181612068816921F45E
:1041F00080618161206881692A6941EA02218161C7
:10420000D2E7206802F09CFD2068C16941F00801F6
:10421000C1612068C16921F00401C1612068C169E0
:104220002A69114311E0206802F0BEFD2068C169CF
:1042300041F40061C1612068C16921F48061C161FC
:104240002068C1692A6941EA0221C161ACE710B561
:10425000040003D094F83D0010B107E0012010BD28
:10426000002084F83C00204600F01EF8022084F86C
:104270003D00211D206802F075FC012084F84600F5
:1042800084F83E0084F83F0084F8400084F8410040
:1042900084F8420084F8430084F8440084F8450020
:1042A00084F83D00002010BD7047704710B50446EB
:1042B00049B104290AD008290BD094F841000128FB
:1042C0000AD0012010BD94F83E00F8E794F83F00B2
:1042D000F5E794F84000F2E70220B1B3042938D0A2
:1042E000082939D084F841000122206802F0A2FC9C
:1042F0001B4920681B4A884201D0904203D1436C7D
:1043000043F4004343642068884213D0B0F1804FE7
:1043100010D0154988420DD0144988420AD014495A
:10432000884207D0904205D01249884202D01249F3
:10433000884204D1816801F00701062903D0016891
:1043400041F001010160002010BDFFE784F83E004C
:10435000CAE784F83F00C7E784F84000C4E70000DC
:10436000000001400004014000040040000800403B
:10437000000C0040004001400018004070477047AA
:1043800070477047F8B5016804460868CA684B6909
:1043900010F00F0F4FF0000559D003F0010602F4A2
:1043A0009077374365D0C10705D0D10503D5616C3F
:1043B00041F001016164410705D5D90703D0616C63
:1043C00041F002016164810705D5D90703D0616C12
:1043D00041F004016164010707D502F02001314377
:1043E00003D0616C41F008016164616C00293AD02E
:1043F000800604D5900602D5204602F04EFD2068C6
:104400004069616CC0F38010090700D460B3204696
:1044100002F01CFD20684069400621D52068143058
:1044200050E8001F21F0400140E80012002AF5D1B9
:10443000E06BA8B172490165E06BFEF73DF800281A
:1044400011D0E06B016D01B0BDE8F0400847830674
:104450000FD593060DD52046BDE8F84002F01DBDEE
:104460002046FFF78EFFF8BD2046FFF78AFF656400
:10447000F8BD266B2023012E7ED1C6067CD5D6063C
:104480007AD508684868009048694FF002064006EF
:104490004DD5E26B106840684FF480770004000C43
:1044A0003AD0A18D814237D9E085D069B8422DD06C
:1044B00020680C3050E8001F21F4807140E80012A1
:1044C000002AF5D12068143050E8001F21F00101C6
:1044D00040E80012002AF5D12068143050E8001F8F
:1044E00021F0400140E80012002AF5D184F8423062
:1044F000256320680C3050E8001F21F0100140E8CF
:104500000012002AF5D1E06BFDF78DFF6663A08DE8
:10451000E18D401A81B206E0A18D8142A8D1D06917
:10452000B842A5D166632046FFF72AFFF8BDA08DEB
:10453000E18D401A81B2E08D0028F7D00029F5D036
:1045400020680C3050E8002F22F4907240E80027D9
:10455000002FF5D12068143050E8002F22F001021E
:1045600040E80027002FF5D184F842302563206809
:104570000C3050E8002F00E006E022F0100240E886
:104580000023002BF3D1CDE705062BD5150629D541
:1045900094F841002128C9D1A068B0F5805F01D10D
:1045A0002069B0B1206A411C21622168007848600E
:1045B000E08C401E0004000CE084B7D12068C16884
:1045C00021F08001C1602068C16841F04001C160F4
:1045D000F8BD206A0088C0F308004860206A801C8B
:1045E0002062E5E74006F3D55006F1D5CA682046BB
:1045F00022F04002CA6084F8413000F024F9F8BD8E
:104600003F6E000870B5040004D094F84100002506
:1046100010B106E0012070BD84F84050204600F043
:1046200023F8242084F841002068C16821F4005157
:10463000C160204602F092FC2068016921F490419B
:1046400001612068416921F02A0141612068C16847
:1046500041F40051C1606564202084F8410084F871
:1046600042006563002070BDF0B587B00546142197
:104670006846FCF7AFFC4449424C286800260222F9
:1046800003230F15A04239D13F481030046844F489
:1046900080240460006800F480200590086840F0E1
:1046A000040008600868694600F00400059098025C
:1046B0008DE845000720CDE903303448FEF75AF86D
:1046C000344C334820607804C4E90106C4E9036728
:1046D00066614FF44030A661C4E907602046666217
:1046E000FDF7CCFF08B1FDF7A8FAEC630022052125
:1046F0002720A563FEF79EF927203EE0264CA04226
:104700003DD121481430046844F02004046000685E
:1047100000F020000590086840F04000086008683C
:10472000694600F0400005904FF484408DE8450054
:104730000820CDE903301948FEF71CF8154C18483D
:10474000603404F1080C20604FF02060606040206D
:104750008CE8C1006661A661E66126622046666259
:10476000FDF78CFF08B1FDF768FAAC630022052164
:104770004720A563FEF75EF94720FEF74DF907B025
:10478000F0BD000000480040303802400008024000
:104790002860024034070020001401400018024045
:1047A000A064024070472DE9F843044690F84100A8
:1047B0001F4615460E46202802D00220BDE8F88389
:1047C0008EB185B100206064212084F84100FEF79D
:1047D000BFF8A5848146E584A0684FF02008B0F5B5
:1047E000805F02D003E00120E8E7206910B1354680
:1047F00000260EE000250CE08021204602F034FC6B
:10480000A0B9BDB115F8010B21684860E08C401ECD
:10481000E084E08C4B464FF0000200970028EBD17B
:104820004FF04001204602F01FFC40B184F8418067
:104830000320C3E736F8020BC0F30800E4E784F86E
:1048400041800020BAE7704770B5044600203C4D17
:104850002074A27B288861684243D4F8F400FCF7F6
:1048600065FBA17B288841436068FCF7B3FBA07B14
:1048700010FB00F128884143D4F81801FCF7AAFB8B
:10488000207BA17B10FB01F128884143D4F80C0167
:10489000FCF7A0FB00202BE0D4F8F41001EB800221
:1048A00092ED000AB5EEC00AF1EE10FA1ED0227C9D
:1048B00001EB820181ED000A227C616A8854A169C2
:1048C000227B01EB8001237C91ED000A6169095C88
:1048D00012FB03116FF0030202EB8101D4F80C21EB
:1048E000114481ED000A217C491C2174401CC0B296
:1048F000A17B8142D0D8002010E0636AE2691B5C92
:1049000002EB830292ED000A10FB0101D4F818219A
:10491000401C02EB8101C0B281ED000A217C814282
:10492000EBD8C8B224F8780F14F86C0C60802081A2
:104930006181218361832084618424F8301C70BDEF
:1049400098000020FEE7000010B504462DED048B12
:10495000D0F8EC00D0ED009AD0ED018A90ED029AEB
:1049600029EEA90A90ED038A08EEA80A09EE090AC1
:1049700008EE080A05F058FA0020D4F8EC1001EB14
:104980008001401CD1ED000AC0B2042860EE800A0C
:10499000C1ED000AF1D33F48D4F8001190ED6F0A41
:1049A00060EE280AB6EE000A60EE800AC1ED040A45
:1049B000D0ED6F0AD4F8001160EE890A60EE800A2B
:1049C000C1ED050AD0ED6F0AD4F8001120EEA91A46
:1049D000FEEE000A21EE201A81ED0A1A90ED6F1A00
:1049E000D4F8001121EE081A21EE001A81ED0B1AFD
:1049F00090ED6F1AD4F8001121EE081A21EE201A5A
:104A000081ED101A90ED6F1AD4F8001121EE291AD9
:104A100021EE201A81ED111A90ED6F1AD4F80011D1
:104A200021EE091A21EE000A81ED160A90ED6F0AB7
:104A3000D4F8001120EE280A20EE200A81ED170A92
:104A4000D4F8F810D0ED740A91ED1C0A80EE201A0B
:104A500081ED1C1AD4F8F810D0ED740A91ED230AF8
:104A600080EE201A9FED0D0A81ED231AD4F8F8008C
:104A70000949026F8A4201DD80ED1C0AD4F8F80072
:104A8000D0F88C208A4201DD80ED230ABDEC048B36
:104A900010BD00002047002000401C4600401C467E
:104AA00070B5294C05460126267004F5D87080ECB7
:104AB000030A00209FED250A84ED730A84F838016B
:104AC000C4E95000C4E9520011EE900AB0F17E5FD3
:104AD00001DDF7EE001AC4ED741A84ED642A032395
:104AE00000220621201D00F023FE194B0122114651
:104AF000A3F10800FBF7C0FC002105EB810090ED5D
:104B0000000AD4F8EC0000EB8100491C80ED000A9B
:104B10000429F2DB0F4844F8D00F0F4860600F48BB
:104B2000A0600F48E06004F8A26C04F8A16C902229
:104B30000C49606BFCF7FAF9E06ABDE8704090221E
:104B40000949FCF7F3B900002047002077CC2B324D
:104B5000E84800206D4B000849490008A14B0008B7
:104B600045500008F8CD0008E000002010B50446CC
:104B7000902254F8F81F0848FCF7D8F94822074853
:104B8000616AFCF7D3F9054861694822BDE8104025
:104B90004830FCF7CBB90000E000002000490020BD
:104BA00070B50446B0EE000A54F8EC0F2B4DD0ED72
:104BB000000A60EE800AC5ED090AD0ED010A60EE38
:104BC000800AC5ED0A0AD0ED020A60EE800AC5ED42
:104BD0000B0AD0ED030A20EE800A85ED0C0A14F8CA
:104BE000DE0C14F8E01C10FB01F11D480088414365
:104BF000206AFCF7EFF9D5ED0B1A206AB1EE612AB5
:104C000080ED002A206A95ED0C1A80ED011A95EDD1
:104C1000090A206AF1EE400AC0ED020A206AD5EDC9
:104C20000A0AC0ED030A206AC0ED060A206A80ED78
:104C3000070A206A80ED081A206AC0ED091A206A66
:104C400080ED0C0A206AB1EE600A80ED0D0A206A40
:104C500080ED0E2A206A80ED0F1A70BD9C000020A6
:104C60009800002070B5EC4CEC4D90222DED048B9B
:104C7000B0EE619AB0EE628A84ED6F3AD4ED581AC4
:104C8000F0EE428AE64970EE611AC4ED5B1A94EDCB
:104C9000590A30EEC00A84ED5C0AD4ED5A0A71EE6E
:104CA000600AB6EE001A61EE811A20EE010AC4ED28
:104CB0005D0A61EE831A20EE030AC5ED001A85ED48
:104CC000010A20EE810A20EE030A85ED020AD4F8DB
:104CD000040104F58274FCF729F9D5ED000A206877
:104CE000B1EE602A80ED012A95ED011A2068F1EEFF
:104CF000412AC0ED022A95ED020A2068F1EE401A21
:104D0000C0ED031A2068C0ED060A206880ED080A8D
:104D10002068C0ED092A206880ED0C1A2068C0EDDB
:104D20000D1A2068C0ED0F0A206880ED120A206875
:104D300080ED131A54F8440B80ED142A74E85201E4
:104D4000084305D184ED5E9AC4ED5F8A84ED608AE4
:104D500094ED5E0A94ED641AD4ED6F0A20EE012AF8
:104D600030EE810AC2EE001A20EE892AC2EE002A35
:104D700031EEA23A84ED5E3AD4ED5F1A21EE812A3B
:104D8000C2EE001A20EEA82A60EE880AC2EE002ABF
:104D900071EEA21AC4ED5F1A94ED602A22EE012A88
:104DA00082EE001A80EE802A23EE030A01EEA10AA9
:104DB00071EE020AC4ED600A00EEA00A05F034F8B4
:104DC00085ED030A002004EB8001D1ED5E0AA168A5
:104DD00001EB800160EE800A401CC0B2C1ED000A08
:104DE0000328F0D394ED5B0AD4ED5C0A20EE000AB0
:104DF00000EEA00AD4ED5D0A00EEA00A05F014F85A
:104E0000B7EE009A874989EE001A84ED651AD5ED50
:104E1000030A11EE100A89EE200A884284ED660A20
:104E20000BDA10EE100A8049884206DD10EE100AF7
:104E30007E49884201DA012000E0002084F839012F
:104E400094ED6C0AD4ED6F0AD4F8180120EE200A14
:104E500080ED000A94ED6C0AD4ED6F0AD4F81801C5
:104E600020EE200A80ED070A94ED6C0AD4ED6F0A5B
:104E7000D4F8180120EE200A80ED0E0A94ED6C0A99
:104E8000D4ED6F0AD4F8180120EE200A80ED150A3F
:104E900094ED6D0AD4ED6F0AD4F8180120EE200AC3
:104EA00080ED1C0A94ED6D0AD4ED6F0AD4F8180158
:104EB00020EE200A80ED230AD4F81C0194ED6E0A3E
:104EC00080ED000AD4F81C0194ED6E0A80ED040A0E
:104ED000D4F81C0194ED6E0A80ED080A201D00F044
:104EE00011FF606890ED001A84ED541A90ED010AEC
:104EF00084ED550A90ED022A84ED562AD0ED031A6E
:104F0000C4ED571AD0ED040AC4ED580AD0ED050AD5
:104F1000C4ED590ADFED460A61EE012A21EE211A9D
:104F2000C4ED5A0AB0EE008A40EE002A00EE021AE2
:104F3000F0EE490A52EE880A21EE080A04F0BCF8A5
:104F4000DFED3C8AF0EE490A20EE280A84ED6A0A79
:104F500094ED540A94ED571A60EE001A41EE011ACE
:104F600051EE880AD4ED551A20EE210AD4ED561AD6
:104F700001EE810A20EE080A04F09EF820EE280ACD
:104F800084ED690A94ED550AD4ED570A94ED561A4A
:104F900020EE200AD4ED540A00EEC10AF8EE000A11
:104FA00020EE200A03F0F2FF20EE280A224984EDC9
:104FB000680A94ED6A0AD4ED760A70EE600A10EE83
:104FC000900A884203DDB4F8D401401E07E010EED9
:104FD000900A1A49884204D9B4F8D401401CA4F8B4
:104FE000D401B4F9D401DFED161A00EE900AB8EE40
:104FF000E01AF0EE400A41EE210AC4ED6B0A84ED9E
:10500000760AF4E95201401C41F10001C4E90001B3
:10501000BDEC048B70BD0000204700209C000020E8
:10502000F8CD00089A99993ECDCC1441CDCC2441BD
:1050300000000000E12E6542DA0F4940DA0F49C056
:105040000000B4432DE9F84F00F1800104467830A8
:1050500005460091FBF7CEFD84F8C800B4F878004F
:10506000A4F8A800B4F85A00A4F8AA0004F1A80211
:1050700004F1580191468B462846FBF799FC84F8C9
:10508000C800B4F8A800A4F8B000B4F88200A4F8EE
:10509000B20004F1B002904648460099FBF788FC44
:1050A00084F8C800B4F89000A4F8A000B4F8920006
:1050B000A4F8A20004F1A002154604F190014046B4
:1050C000FBF756F984F8C80041462846B034FBF790
:1050D000D7F92076E06BBD490125D0ED001AF0EE3E
:1050E000002AC1ED0D1A90ED011A002781ED0E1A6C
:1050F000D0ED020AB64EC1ED0F0A90ED030A81ED24
:10510000100A21EE002A34F8380C2081658101EE66
:10511000E02AE06F22EE222A80ED002A21EE812A89
:1051200061EEA11AE06F00EE802A41EE411A22EEF4
:10513000222A40EEE01A80ED012AE06FB03C40EEFA
:10514000001AC0ED021AD4F82C0100EB870090ED94
:10515000000AB0EEC00A03F08DFE06EB87007F1C4C
:10516000FFB280ED610A032FEDD3B4F84800A4F834
:10517000C00004F1C00204F1B801A4F8C2501746FF
:105180008A4604F14800FBF7B1FC84F8C800B4F883
:10519000C000A4F8A80024F8AA5F4A463946404651
:1051A000FBF706FCA077E581E08A2082514638466D
:1051B000FBF720FDA077874A49465046FBF7F8FBEE
:1051C000A07796ED730AB6EE001AD6ED720A20EEBD
:1051D000011AAA3CF4EEC10AF1EE10FA01D286F8E7
:1051E0003851F4EEC00A0020F1EE10FA34DD96F8E2
:1051F000381181B396F8391129B1D6E95012491CFA
:1052000042F1000201E000210A46C6E95012D6E947
:1052100050234FF0320C0021BCEB0202994102D224
:1052200086F8380136E06C4E14F80C2F3088424373
:10523000D4E937017434FBF779FE14F8740C10FBD1
:1052400000F230884243D4E91E01FBF76FFE04F8F8
:10525000545CBDE8F88FFFE79FED601A20EE011A5D
:10526000F4EEC10AF1EE10FA0DDD96F8381151B1E5
:1052700070EE600A9FED5A1A20EE010A80EE801A45
:1052800086ED671A03E0B7EE000A86ED670A002193
:10529000C6E9501184F82C00B4F85800A4F8A8000E
:1052A000B4F88200A4F8AA004A4658466C34009923
:1052B000FBF77EFB04F85C0FA4F1300293464146F5
:1052C0004846C83CFBF774FB84F8C80000200DE09A
:1052D000D4F81C11D6ED670A01EB8001401C91ED5A
:1052E000000AC0B220EE200A81ED000AB4F898103E
:1052F000B4F89A2051438142EADC04219FED390A37
:10530000002006EB810C01EB41039CED5D1AD4F803
:105310001C2103EB0008C1EE000A02EB8802401CCE
:1053200092ED001AC0B2032860EE810AC2ED000AB5
:10533000EBD3491CC9B20629E2D334F8980F524680
:105340002084658439465846FBF732FB84F83000E8
:10535000606A9FED250A983C80ED030A96F83801B3
:1053600050B3DFED220A9FED221A0420D4F8BC10BE
:1053700096ED6F0A01EB800120EE200AD1ED001AB4
:10538000F4EEC01AF1EE10FA01DD81ED000AD4F856
:10539000BC1096ED6F0A01EB800120EE010AD1ED01
:1053A000001AF4EEC01AF1EE10FA01D281ED000AF3
:1053B000401CC0B20628D9D304F13002514604F192
:1053C0003800FAF7D5FF84F8C80042E79C000020B7
:1053D00020470020E048002098000020CDCCCC3DA4
:1053E0006666663FDA0FC93F000000000AD7233C1B
:1053F0000AD723BC2DED028B86B000F033F99FED68
:105400008A8A8A484FF0FF31006805F0C1FE894F53
:10541000DFF81C92A7F1940404F1440004900C30CE
:10542000DFF81482854D07F10C0A04F15C0B6E461F
:10543000F7EE008A039081481030FCF7A9FA85ED59
:10544000000A7B48FBF7ECFF99ED030A84ED040AA0
:10545000D9ED040AC4ED050A99ED051A84ED061A82
:1054600087EC030AD9ED001AC4ED071A99ED012A59
:1054700084ED082AD9ED022AC4ED092ACAEC021AE1
:10548000CAED022A95ED003AFFF7ECFB6C480FC815
:1054900084E80F00674A6B48943A0499FCF7ABF82C
:1054A000644A6848943A0C300399FCF7A4F8614ABE
:1054B0006448943A59461830FCF79DF85D4A6148B3
:1054C000943A69462430FCF743FB95ED001A00201E
:1054D00004EB800106EB800291ED070AD2ED000A91
:1054E000401CC0B230EE600A032820EE012A94ED81
:1054F000100A70EE010AC2EE201A91ED0A2A22EE7D
:10550000000A80EE202A31EE820A81ED0A0ADFD3FA
:10551000484A943A02F13401A1F10C00FCF76BF80F
:1055200094ED0D0AB0EEC00A10EE101A414501DAF2
:1055300084ED0D8A94ED0E0AB0EEC00A10EE101A3A
:10554000414501DA84ED0E8A94ED0F0A3E49B0EE32
:10555000C00A10EE100A884201DB686904E084ED9D
:105560000F8A6869401C68610A2803DD00206861B1
:1055700084ED228A95ED020A344910EE100A884221
:1055800049DD94ED220A94ED0E1ADFED310A012077
:10559000314901EE200A84ED220A94ED231A00EE2F
:1055A000201A84ED231A84F890002A4890ED6A0AA4
:1055B00084ED1E0AD0ED690AC4ED1D0AD0ED680A1B
:1055C000C4ED1C0AD0ED6B0AC4ED1F0AD4ED200A0D
:1055D00070EE600A10EE900A884204DDD4ED210AD4
:1055E00070EEE80A08E010EE900A1C49884205D9DE
:1055F000D4ED210A70EEA80AC4ED210A94ED211A17
:10560000DFED171AF0EE400A41EE210AC4ED1F0A41
:1056100084ED200A03E030EE280A85ED020AE868EE
:10562000401CE86007E700000000000000020020C6
:10563000704A0020244A0020CDCCCC3C70010020D0
:105640007048002088CE0008EC51383D0000F04141
:105650006F12833A20470020DA0F4940DA0F49C021
:10566000560EC94000B51A482DED028B85B00FC803
:105670008DE80F006846FCF7E5F99FED168AF7EE16
:10568000001A9FED151AB0EE482ADFED140AB2EEAB
:10569000040A6846FFF704FA00211148FEF706FEE7
:1056A0009FED102ADFED101AB0EE481AF3EE040A4F
:1056B0009FED0E0A0E4804F083FD0D489FED0D0A84
:1056C000AC3880ED100A05B0BDEC028B00BD0000C7
:1056D000C4CE0008000000008096184B6F12833A79
:1056E0005C0600200000FA440000964300007A4463
:1056F0003C4A002096430B3CF0B500230A24302599
:1057000037261F4610E0B4EB107F02D905EB107C62
:1057100001E006EB107C01F813C001EB430C000123
:105720005B1C8CF80170DBB29342ECD3F0BD00003F
:105730002DE9F047DFF8DC830D460421A8F80010BE
:105740000821A8F802100573427383734FF0000913
:105750001E46044680F8109017463046FBF7D4FAF0
:1057600031466061FBF714FCB8F800007043FBF7AA
:10577000CBFAA061B8F800107143FBF72BFCB8F826
:1057800000007043FBF7C0FAE061B8F80010714305
:10579000FBF720FCB8F800006843FBF7B5FA20627D
:1057A000B8F800106943FBF715FC3046FBF7ACFA7C
:1057B00031466062FBF7ECFBB8F800006843FBF78A
:1057C000A3FA2060B8F800106943FBF703FCB8F8AF
:1057D00000007043FBF798FA6060B8F8001071435E
:1057E000FBF7F8FBB8F800007843FBF78DFAA060F0
:1057F000B8F800107943FBF7EDFBB8F800006843F8
:10580000FBF782FAC4F8E800B8F800106943FBF728
:10581000E1FB217B012204F13000D4F8E830FAF7F3
:105820002BFEB8F800006843FBF76EFAC4F8EC00F2
:10583000B8F800106943FBF7CDFB217B012204F18E
:105840003800D4F8EC30FAF717FE9FB1B8F8000032
:105850007843FBF759FAC4F8F000B8F80010794320
:10586000FBF7B8FB617B012204F14000D4F8F03073
:10587000FAF702FEB8F800007043FBF745FAC4F8E7
:10588000F400B8F800107143FBF7A4FBA17B0122E0
:1058900004F14800D4F8F430FAF7EEFDB8F800004F
:1058A00068436843FBF730FAC4F8F800B8F8001012
:1058B00069436943FBF78EFB217B04F150000A46E4
:1058C000D4F8F830FAF7D8FDB8F800006843684318
:1058D000FBF71AFAC4F8FC00B8F8001069436943F2
:1058E000FBF778FB217B04F158000A46D4F8FC3022
:1058F000FAF7C2FDB8F8000068436843FBF704FA02
:10590000C4F80001B8F80000883468436843FBF726
:10591000FBF9E067B8F80010A06F69436943FBF733
:1059200059FBB8F80010E06F69436943FBF752FB7D
:1059300054F8783FA4F1A00014F8F41CA4F5807486
:105940000A46FAF799FD217B04F168000A46D4F86B
:105950000431FAF791FDAFB1B8F80000684378431D
:10596000FBF7D2F9C4F80801B8F80010694379438D
:10597000FBF730FB627B217B04F17000D4F8083127
:10598000FAF77AFDB8F80000474670436843FBF722
:10599000BBF9C4F80C013888943468437043FBF7B2
:1059A000B3F9E0673988A06F71436943FBF712FBD5
:1059B0003988E06F69437143FBF70CFB14F8882CBE
:1059C00014F8861CA4F11C00A36F943CFAF754FD54
:1059D000A27B217B04F18000D4F81031FAF74CFD52
:1059E000388868436843FBF78FF9C4F81401398895
:1059F00069436943FBF7EEFA217B04F188000A460C
:105A0000D4F81431FAF738FD388870437043FBF747
:105A10007BF9C4F81801398871437143FBF7DAFA4E
:105A2000A17B04F190000A46D4F81831FAF724FD5E
:105A3000388868437043FBF767F9C4F81C0139885C
:105A400069437143FBF7C6FAA27B217B04F19800FE
:105A5000D4F81C31FAF710FD207B10FB00F03988D8
:105A60004843FBF751F9C4F82001207B10FB00F0FC
:105A700039884843FBF748F9C4F82401207B10FB20
:105A800000F039884843FBF73FF9C4F82801207B30
:105A900039884843FBF738F9C4F82C01207B398852
:105AA0004843FBF731F9C4F83001217B04F1A00031
:105AB0000A46D4F82031FAF7DFFC217B04F1A80074
:105AC0000A46D4F82431FAF7D7FC217B04F1B00060
:105AD0000A46D4F82831FAF7CFFC217B012204F1E1
:105AE000B800D4F82C31FAF7C7FC217B012204F16D
:105AF000C000D4F83031FAF7BFFC04F8289F84F8CE
:105B0000019084F8029084F8039084F80490BDE832
:105B1000F08700009800002070B50446C07B0F4D50
:105B200018B12046FEF790FE0DE0A27B2888616840
:105B30004243D4F8F400FBF7F9F9A17B28884143EC
:105B40006068FBF747FA627B2888A1684243D4F873
:105B5000F000BDE87040FBF7E9B9000098000020B4
:105B60002DE9F041044690F82C0000282BD1B4F820
:105B70009800A4F8A800B4F87A10A4F8AA10A4F821
:105B8000B000B4F85A00A4F8B20004F1A802154617
:105B900004F1780104F19800FAF70AFF84F8C800CC
:105BA00004F1B00204F1580116460F462846FAF7F0
:105BB000FFFE84F8C80004F1500231463846FAF777
:105BC00095FF84F8C800BDE8F0812DE9F041044656
:105BD00090F8290000282CD104F1680104F160003C
:105BE0000F460646FBF706F884F8C80004F1580291
:105BF000154604F150013046FAF7DAFE84F8C80081
:105C0000B4F85800A4F8A800B4F86A00A4F8AA00F0
:105C100004F1A802164639462846FAF7C9FE84F868
:105C2000C8002A4604F188013046FAF7A1FB84F83F
:105C3000C800BDE8F0812DE9F047044690F82A003D
:105C400000285CD104F1800104F178008946054602
:105C5000FAF7D0FF84F8C800B4F87800A4F8A800D8
:105C6000B4F85A00A4F8AA0004F1A80204F15801FB
:105C700090460F462846FAF79BFE84F8C800B4F811
:105C8000A800A4F8B000B4F88200A4F8B20004F1AF
:105C9000B002154649464046FAF78AFE84F8C80025
:105CA000B4F89000A4F8A000B4F89200A4F8A20000
:105CB00004F1A002164604F190012846FAF758FBB9
:105CC00084F8C80029463046AA34FAF7D9FBA077F1
:105CD00034F8520C24F8020C34F8280C2080424688
:105CE00049463846FAF764FE04F81E0FA4F1300264
:105CF00029464046C83CFAF75BFE84F8C800BDE878
:105D0000F087000070B50446FFF706FFD4F8CC100A
:105D100009B120468847204600F068F8D4F8D01032
:105D200009B1204688472046FFF74FFFD4F8D4102A
:105D300009B120468847207C2B4DC0B9E07BB0B12B
:105D4000227B28884243D4E93A01FBF7EFF8207B15
:105D500010FB00F228884243D4E93E01FBF7E6F845
:105D6000D4F8E01009B120468847002029E02046F9
:105D7000FFF761FFD4F8D81009B1204688472046C4
:105D800000F06EF8D4F8DC1009B1204688472046B0
:105D9000FFF7E6FEE4E710FB0101D4F8F82002EB80
:105DA0008101226AD1ED000A02EB800292ED000A25
:105DB000F4EEC00AF1EE10FA01D281ED000A401CA7
:105DC000C0B2217B8142E6D8CAB22888D4F8E81054
:105DD00042432068FBF7AAF8D4F8E41009B1204642
:105DE0008847206870BD0000980000202DE9F04130
:105DF000044690F8280000282AD1627B04F1300183
:105E000004F1600004F1380522B3227BA4F8B82025
:105E1000012604F1B802A4F8BA601746FAF7C8FDE3
:105E200084F8C800207BA4F8C000A4F8C26004F184
:105E3000C002164604F1400104F17000FAF7B8FD03
:105E400004F8C80F2A4631463846FAF791FA20700E
:105E5000BDE8F0812A46FAF7ABFD84F8C800F7E701
:105E60002DE9F041044690F82B00002838D1B4F811
:105E70007800A4F8B800012504F1B80204F1380153
:105E8000A4F8BA5090460F4604F17800FAF790FD56
:105E900084F8C800B4F84800A4F8C00004F1C002B7
:105EA000A4F8C2501646414604F14800FAF71EFE17
:105EB00084F8C800B4F89800A4F8B800A4F8BA5060
:105EC0004246314604F19800FAF772FD84F8C800A2
:105ED00004F1300241463846FAF74AFA84F8C8001D
:105EE000BDE8F081104810B50E4901600321416002
:105EF00000214FF410228160C0E903124FF4001218
:105F000042610176012242768176C176017741773E
:105F1000FCF751F9002803D0BDE81040FBF78DBE17
:105F200010BD00000064004094050020114808B531
:105F3000016841F480010160016801F48001009171
:105F4000016841F4001101600068002200F40010B3
:105F5000009005210C20FCF76DFD0C20FCF75CFD8A
:105F6000002205214520FCF765FDBDE808404520DD
:105F7000FCF752BD3038024010B5A4B00322002116
:105F8000012004F09FFF1D4C1C221D492060684623
:105F9000FAF7CCFF0021684603F0CAFF1849A06059
:105FA0001C221C3107A8FAF7C1FF002107A803F043
:105FB000BFFF1349E0601C2238310EA8FAF7B6FF84
:105FC00000210EA803F0B4FF0D4920611C225431BA
:105FD00015A8FAF7ABFF002115A803F0A9FF08499F
:105FE00060611C2270311CA8FAF7A0FF00211CA8D8
:105FF00003F09EFF606024B010BD00000000002090
:106000004CCD00082DE9F04186B014216846FAF71E
:10601000E1FF3B480024016841F040010160016854
:1060200001F040010591016841F002010160016841
:1060300001F002010591016841F001010160016870
:1060400001F001010591016841F00801016001685A
:1060500001F008010591016841F004010160016847
:1060600001F004010591016841F0800101600168BF
:1060700001F080010591016841F020010160006894
:10608000204E00F020004FF4807505900022294634
:106090003046FCF757FC1C4F002210213846FCF715
:1060A00051FCDFF86880002201214046FCF74AFCE1
:1060B00000950125CDE90154694630460394FCF76B
:1060C00059FB10200090CDE90154694638460394ED
:1060D000FCF750FB302000904FF48810CDE901040C
:1060E00069463046FCF746FB0095CDE90154694608
:1060F00040460394FCF73EFB06B0BDE8F08100008B
:106100003038024000080240000002400004024013
:10611000104810B50E4901604FF4827141600021B2
:1061200002228160C0E903120122426152028261AF
:106130003822C0E90721416281620A21C162FDF76C
:106140005DFC002803D0BDE81040FBF776BD10BD14
:1061500000300140BC05002010B588B01C21684605
:10616000FAF738FF15481449002401605321C0E9AB
:10617000011440F2CF71C0E903148461FDF736FECB
:1061800008B1FBF75AFD0D48FEF761F808B1FBF7BF
:1061900054FD6020CDE900040294002269460748BE
:1061A0000494FDF7EEFF08B1FBF747FD0348FDF748
:1061B000BDFF08B010BD0000004401405C06002097
:1061C00010B586B0002416480094019402940394FC
:1061D00004944FF080410594C0E9001441F22F115E
:1061E000C0E9024104618461FDF700FE08B1FBF7DC
:1061F00024FD4FF48050009069460948FDF78EFE5B
:1062000008B1FBF71AFD049404A905480594FDF7AD
:10621000A5FD002801D0FBF710FD06B010BD000061
:10622000140600200D4810B50B4901600C4941606F
:1062300000214FF480628160C0E903120422C0E9AA
:106240000521C161FEF7DEF9002803D0BDE810404A
:10625000FBF7F3BC10BD000000480040A40600207E
:10626000A08601000C4810B50A4901604FF4E131E5
:106270004160002181600C22C160C0E9041281618B
:10628000C161FEF7BFF9002803D0BDE81040FBF75D
:10629000D4BC10BD00140140EC06002010B5002253
:1062A0000F49104801F09AFB08B1FBF7C6FC0E49F4
:1062B0000C4801F0B1FD08B1FBF7BFFC0B490948E0
:1062C00001F02CF908B1FBF7B8FC064801F028FEF4
:1062D000002803D0BDE81040FBF7AFBC10BD0000A4
:1062E0000C020020284D0020C80200205C02002083
:1062F000FEE731B1012907D1016800EE901A30EEB6
:10630000800A10EE101A0160704700002DE9F0417C
:106310005D4C06462DED088B206806F021FB41EC14
:10632000100B9FED5A8BB0EE484AF0EE684A9FED95
:10633000599BB0EE493AF0EE693A9FED58ABB0EE9A
:106340004A2AF0EE6A2A9FED57BBB0EE4B1AF0EEE8
:106350006B1A03F0B7FD51EC100B05F00BFA534D1F
:106360002860D6F87F0006F0FBFA41EC100BB0EE87
:10637000484AF0EE684AB0EE493AF0EE693AB0EEBB
:106380004A2AF0EE6A2AB0EE4B1AF0EE6B1A03F0CE
:1063900099FD51EC100B05F0EDF900EE900A444820
:1063A000C5ED010A95ED000A03F0ECFD10EE100AB0
:1063B00004F11807A060B7F9021000EE101AF8EE09
:1063C000C00A00EE100A3B4803F09CFE10EE100AD3
:1063D0006060E06806F0C4FA9FED37AB9FED38BB14
:1063E00041EC100BB0EE484AF0EE684AB0EE493A84
:1063F000F0EE693AB0EE4A2AF0EE6A2AB0EE4B1A95
:10640000F0EE6B1A03F05EFD51EC100B05F0B2F9E3
:106410002860D6F80F0106F0A3FA41EC100BB0EE9D
:10642000484AF0EE684AB0EE493AF0EE693AB0EE0A
:106430004A2AF0EE6A2AB0EE4B1AF0EE6B1A03F01D
:1064400041FD51EC100B05F095F900EE900A1E4845
:10645000C5ED010A95ED000A03F094FD10EE100A57
:106460006061B7F90C1000EE101AF8EEC00A00EEE9
:10647000100A164803F046FE10EE100A2061BDEC2B
:10648000088BBDE8F0810000644B00200000004054
:10649000FB21094000000040FB2109C00000000072
:1064A0000080664000000000008066C0E00100201F
:1064B000B04500207C4500200000000000805640D0
:1064C00000000000008056C0804600204C4600209E
:1064D0002DE9F04106002DED088B7CD05A4C206848
:1064E00006F03EFA41EC100B9FED588BB0EE484A97
:1064F000F0EE684A9FED579BB0EE493AF0EE693AEC
:106500009FED56ABB0EE4A2AF0EE6A2A9FED55BBDE
:10651000B0EE4B1AF0EE6B1A03F0D4FC51EC100BFA
:1065200005F028F9514DA860D6F8870006F018FA52
:1065300041EC100BB0EE484AF0EE684AB0EE493A32
:10654000F0EE693AB0EE4A2AF0EE6A2AB0EE4B1A43
:10655000F0EE6B1A03F0B6FC51EC100B05F00AF9E3
:1065600000EE900A4248C5ED030A95ED020A03F0D9
:1065700069FD10EE100A04F11807A060B7F90210C7
:1065800000EE101AF8EEC00A00EE100A394803F0C7
:10659000B9FD10EE100A6060E06806F0E1F941EC28
:1065A000100BB0EE484AF0EE684AB0EE493AF0EE11
:1065B000693AB0EE4A2AF0EE6A2AB0EE4B1AF0EED3
:1065C0006B1A03F07FFC51EC100B05F0D3F8A860B8
:1065D000D6F8170100E033E006F0C2F941EC100BE9
:1065E000B0EE484AF0EE684AB0EE493AF0EE693A49
:1065F000B0EE4A2AF0EE6A2AB0EE4B1AF0EE6B1AB1
:1066000003F060FC51EC100B05F0B4F800EE900ABA
:106610001948C5ED030A95ED020A03F013FD10EECB
:10662000100A6061B7F90C1000EE101AF8EEC00AFB
:1066300000EE100A114803F065FD10EE100A20610B
:10664000BDEC088BBDE8F081644B002000000040E9
:10665000FB21094000000040FB2109C000000000B0
:1066600000FFBF400000000000000000E00100202B
:1066700018460020E4450020E8460020B4460020EB
:10668000FEE700B590ED000AD0ED010A20EE000A09
:1066900000EEA00AD0ED020A00EEA00A00F0C8F950
:1066A000D0ED000A80EE801A80ED001AD0ED010ACC
:1066B00080EE801A80ED011AD0ED020A80EE801A79
:1066C00080ED021A00BD00000148FCF731BB00005C
:1066D000246400202DE9F041066805460C46306C24
:1066E00006EB4411D1F8083B95F806C04FF400477B
:1066F0004FF0200E05F29C42BCF1010F08D0DFF8EC
:1067000098C0604538D1180431D5C1F8087B3FE006
:10671000224E5FEA037C04D5B04239D91804F4D480
:1067200036E05FEA836C02D5C1F808EB30E013F085
:10673000280F2DD1B04201D91804E6D404EBC400CF
:1067400005EB8000D1F8101BD0F87432C1F31201B0
:10675000591AC0F8681200F51570ACB903691BB17D
:10676000C2681144C1600FE0012128680AE0980660
:106770000AD5C1F808EB07E034B9D5F8640218B9B6
:106780000021304601F04AFFE1B22846FCF7B8F993
:106790000020BDE8F08100000A31544F0A30544F08
:1067A0002DE9F84F0E4601EBC60100EB810481464E
:1067B000D0F80080D4E909101434884202D90120AD
:1067C000BDE8F88F081AA168814200D20846C01CB3
:1067D000870808EB461A15E0451AA068A84200D2BF
:1067E0000546E81C870899F806000090ABB2F2B2A3
:1067F0004046E16802F050FAE0682844E0606069D1
:1068000028446061DAF8180980B2B84205D3D4E9A7
:106810000401814201D20028DED1D4E9040188427A
:1068200008D806F00F0101208840D8F834188143B9
:10683000C8F834180020C3E770B50646222528465C
:10684000FAF762FA044620223146FAF72AFB4FF69D
:10685000FF7220212046FBF7F3F984F82000000A9C
:1068600084F8210029462046FAF7A6FF2046BDE815
:106870007040FAF778BA000030B5144C23685D69AF
:1068800045F040055D612368DC6844F01004DC607D
:106890000F4C23681D6825F001051D6023681D68E5
:1068A000ED07F7D125680B4BAB602368D8602068F3
:1068B0000161206842602068016841F48021016024
:1068C0002068016841F00101016030BDA40600208C
:1068D0003407002004480040F8B515460E460B4624
:1068E000009204460122022100F02CF8A0B91348BE
:1068F00013490068B0FBF1F04FF47A7148430090FF
:106900006068B0F5827F0DD1334600228021204699
:10691000009500F017F870B1606D40F020006065E0
:106920000320F8BD009830B1401E009020688068B8
:10693000C0430006F6D50020F8BD0000240000206A
:1069400000366E012DE9F8431E46914688460446FE
:10695000089DFBF7FDFF401B351AFBF7F9FF0746C3
:1069600026480068C0F3CB3068430AE0701C09D0A9
:10697000FBF7EEFFC01BA8420FD275B10098B8B369
:10698000401E00902068816838EA010033D0002062
:106990004845EBD10020BDE8F8832068416821F02C
:1069A000E00141606068B0F5827F0BD1A068B0F56E
:1069B000004F02D0B0F5806F04D12068016821F04B
:1069C00040010160A06AB0F5005F09D1206801684C
:1069D00021F4005101602068016841F40051016018
:1069E000012084F85100002084F850000320D2E7F1
:1069F000FFE70025C6E70120CAE7000024000020C9
:106A00000178407841EA0020704700005A21017067
:106A1000417821F0280141F01001417003490A68D2
:106A2000C0F806208968C0F80A1070476445002045
:106A3000B0EE401AB5EEC01AF1EE10FA02D89FED92
:106A4000120A7047DFED110AB6EE000AF0EE002AD6
:106A500061EE201A21EE000AB1EE612AF0EE410A41
:106A600060EE223A50EE000A80EEA33AF4EEE10A1C
:106A700030EE430AF1EE10FAF0DCF4EEC20AF1EE69
:106A800010FAEBD370470000000000006F12833A49
:106A9000FFF704FC012003F03FFAFBE710B5FBF71A
:106AA0005DFF04F0C5FC012803D0BDE8104004F0F0
:106AB000F3B910BD30B593B030216846FAF78AFAC1
:106AC00014210CA8FAF786FA1D480025016841F048
:106AD00080510160006800F08050119019480168F1
:106AE00041F4804101600068022400F4804011906C
:106AF00001200090000401908001CDE906400620AD
:106B00000890A820CDE9090407200B906846FCF7FF
:106B1000C9FD08B172B6FEE70CA90F2081E831006B
:106B20004FF4A0500F904FF48050109005210CA806
:106B3000FCF7C6FC002801D072B6FEE713B030BDEA
:106B400040380240007000400248016841F4700182
:106B50000160704788ED00E00148FDF74EBA000083
:106B600014060020F0B50268274D284E284FDFF8A4
:106B7000A4C0294B4FF0804EA84209D0704507D0E1
:106B8000B04205D0B84203D0604501D0984203D14D
:106B900022F070044A682243A8421BD0704519D0E5
:106BA000B04217D0B84215D0604513D0984211D0EA
:106BB0001A4CA0420ED01A4CA0420BD0194CA04245
:106BC00008D0194CA04205D0184CA04202D0184C55
:106BD000A04203D122F44074CA6822434C6922F0D7
:106BE000800222438C68C4620C688462A84201D08F
:106BF000984201D109690163016841F00401016013
:106C0000012141610260F0BD00000140000400402C
:106C100000080040000C004000040140004001401A
:106C2000004401400048014000180040001C0040A2
:106C30000020004010B501F01F010123046A8B40C1
:106C40009C430462036A8A401343036210BD10B57B
:106C5000846842EA032224F47F440A432243826088
:106C600010BD826822F070020A4342F00701816081
:106C700070470000F0B5026A036A23F00103036263
:106C800043688469114E24F073050C68104F2C433F
:106C900022F002058A682A43B04201D0B84205D1E9
:106CA00022F00805CA682A4322F00402B04201D04B
:106CB000B84205D14D6923F440731D438B692B43C2
:106CC00043608461496841630262F0BD0000014095
:106CD00000040140F0B5026A036A23F01003036266
:106CE000436884690D6824F4E64444EA05248D6809
:106CF00022F0200242EA05120F4D104EA84201D0A8
:106D0000B04206D1CF6822F0800242EA071222F098
:106D10004002A84201D0B04207D14D6923F440633C
:106D200043EA85038D6943EA8503436084614968CA
:106D300081630262F0BD00000000014000040140D8
:106D4000F0B5026A036A23F4807303624368C4697E
:106D500022F4007224F073050C68124E2C438D68E7
:106D600042EA05220E4DA84201D0B04206D1CF68BA
:106D700022F4006242EA072222F48062A84201D093
:106D8000B04207D14D6923F4405343EA05138D699E
:106D900043EA05134360C4614968C1630262F0BD00
:106DA000000001400004014030B5036A026A22F489
:106DB000805202624268C4690D6824F4E64444EAE1
:106DC00005248D6823F4005343EA0533084DA84297
:106DD00002D0084DA84204D14D6922F4804242EA13
:106DE00085124260C46149680164036230BD0000DD
:106DF000000001400004014010B5046A036A23F05A
:106E000001030362836923F0F00343EA021324F0D1
:106E10000A020A438361026210BD10B5036A046A64
:106E200024F010040462846923F0A00324F4704465
:106E300044EA023243EA01118261016210BD10B5D9
:106E4000806B0021C185FDF79CFA10BD01680C31F3
:106E500051E8002F22F4907241E80023002BF5D175
:106E60000168143151E8002F22F0010241E80023AB
:106E7000002BF5D1016B012909D101680C3151E8D2
:106E8000002F22F0100241E80023002BF5D1202131
:106E900080F8421000210163704708B590F8421055
:106EA000222901D0022008BD81684FF48053994205
:106EB00001D1026922B1826A99421BD049B10AE02C
:106EC0000268816A5268C2F308020A80816A891CDA
:106ED00008E0016971B10168496801F07F01117032
:106EE000816A491C8162C18D491E0904090CC18552
:106EF00003D01BE001684968F1E70168CA6822F025
:106F00002002CA600168CA6822F48072CA600168FF
:106F10004A6922F001024A61202180F842100021D2
:106F20004163026B012A03D0FDF73CFC002008BD41
:106F3000016301680C3151E8002F22F0100241E892
:106F40000023002BF5D101680A68D20602D50A6831
:106F500049680091818DFDF713FAE7E770B50446A3
:106F600000680169E26821F4405111430161A168A0
:106F70002069E26901436069104301432068C268E7
:106F800049F20C639A430A43C26020684169A269CE
:106F900021F440711143416131492068884202D097
:106FA0003049884202D1FCF73BFB01E0FCF728FBAB
:106FB000E2690023192164253226B2F5004F626888
:106FC00028D0A0FB0101930F9200F9F7F3FE0146D0
:106FD000B0FBF5F06FF01802504301EB800006EBB8
:106FE0000010B0FBF5F000F0F002B1FBF5F002EBA1
:106FF0000012B1FBF5F06FF01803584301EB80006D
:1070000006EB0010B0FBF5F000F00F002168104413
:10701000886070BDA0FB010192185B41F9F7CAFEC0
:107020000146B0FBF5F00201B1FBF5F06FF018037B
:10703000584301EB800006EBC000B0FBF5F000F018
:10704000F80002EB4002B1FBF5F0584301EB800081
:1070500006EBC000B0FBF5F000F00700D6E700003B
:1070600000100140001401402DE9F8431F469046EE
:107070000D460446089E23E0701C21D0FBF768FCF7
:10708000C01BB0421AD8CEB12068C168490717D5D5
:10709000802D15D0402D13D00168C94309070FD4A6
:1070A00001680025406800902046FFF7CFFE0820C9
:1070B000606484F840500120BDE8F8830320FBE7BA
:1070C0002068006835EA000004D000204045D3D095
:1070D0000020F1E70120F9E7204882B0006801684C
:1070E000890604D501684068009002B070471C49C9
:1070F0000968C906F9D5016840681A4A0090106805
:107100000168194B0903016821F001010160106851
:107110004168C1F1240189B219800ED4036843F497
:10712000002303601068026842F001020260122925
:10713000DBD10E4901F120000DE00D4A936A23F4E2
:1071400000239362026842F0010202601229CCD14E
:10715000064901F1440002B003F048BBA406002038
:107160000048004034070020D8010020FC4A0020DD
:10717000006002400148FDF705B90000EC06002060
:107180002DE9F0410D46D0F8D412D0F8C86200EBDA
:107190008101D1F8C01229B305F00F0303EB83027C
:1071A00000EB8202002754694CB103EBC30306EBEA
:1071B0008303DB69B4FBF3F603FB1643A3B1C1F809
:1071C0001472D0F8D42200EB8200D0F8C402036914
:1071D0002BB1D1F808022A4601F504719847002026
:1071E000BDE8F0810320FBE7002357611A462946DA
:1071F00000F0F1FDF3E770B50546D0F8D40205EBD9
:107200008000D0F8C04294B1284600F0C3FCC4F816
:107210000C02D5F8D412D4F8040205EB8101D1F8A0
:10722000C412CA6804F503719047002070BD0320A2
:1072300070BD000070B5234D0446297800F0EAFBCC
:107240002878002600F00F0000EB800004EB80009F
:1072500080F823606978204600F0DCFB687800F055
:107260000F0000EB800004EB800080F86361A978D8
:10727000204600F0CFFBA87800F00F0000EB800064
:1072800004EB800080F82360C661D4F8D40204EBDC
:107290008000D0F8C01299B1D0F8C402406880478D
:1072A000D4F8D40204EB8000D0F8C00200F0BCFF98
:1072B000D4F8D40204EB8000C0F8C062C4F8BC6209
:1072C000002070BD7402002010B5D0F8D41200EB7D
:1072D0008100D0F8C04284B1D0F8C41259B194F8FA
:1072E0000002FF2807D08B6894F8012221469847B6
:1072F000FF2084F80002002010BD032010BD000014
:107300000A210180004870477802002070B50646C7
:1073100082210C4800F001FB05460121094800F0DC
:10732000FCFA04468121074800F0F7FA0DB110215C
:10733000A971402104B1A18000B181804320308037
:10734000004870BD8402002070B5064682210D48B9
:1073500000F0E3FA054601210A4800F0DEFA04468F
:107360008121084800F0D9FA0DB11021A9714FF41C
:10737000007104B1A18000B18180432030800148B8
:1073800070BD00008402002070B5064682210C48C2
:1073900000F0C3FA05460121094800F0BEFA044690
:1073A0008121074800F0B9FA0DB11021A9714021DF
:1073B00004B1A18000B1818043203080004870BDBD
:1073C000840200202DE9F04704464FF4077630464A
:1073D00000F02CFF05004FF0000865D03146F9F7AA
:1073E000F9FDD4F8D4023E4E04EB80004FF01009B2
:1073F000C0F8C052C4F8BC52207C4FF4007A012778
:10740000E8B3402302223178204600F02EFC307889
:10741000402300F00F0000EB800004EB800080F8B8
:10742000237002227178204600F01FFC7078082338
:1074300000F00F0000EB800004EB8000032280F8D6
:107440006371B07800F00F0000EB800004EB800067
:10745000C0F81C90B178204600F007FCB07800F02E
:107460000F0000EB800004EB800080F82370C5F86B
:107470000482D4F8D402474604EB800000E01BE00D
:10748000D0F8C40205F50175006880472F616F616F
:107490002A687AB1207C00B340237178204600F03E
:1074A000F0FB0020BDE8F087D4F8D41204EB810192
:1074B000C1F8C0820220F5E7534602223178204607
:1074C00000F0D3FB3078534600F00F0000EB800053
:1074D00004EB800080F82370A3E75346DDE700004B
:1074E0007402002010B5D0F8D41200EB8101D1F85D
:1074F000C01259B1027C084C002AD1F8042207D0EE
:107500004023617800F0BDFB002010BD032010BDBA
:107510004FF40073F5E700007402002039B1D0F891
:10752000D42200EB8200C0F8C41200207047032070
:107530007047D0F8D42200EB8200D0F8C00218B116
:10754000C0F804120020704703207047D0F8D432EE
:1075500000EB8300D0F8C00228B1C0F81022C0F8B8
:10756000081200207047032070472DE9FC410646B1
:10757000D0F8D4020C4606EB80000021D0F8C0728F
:107580008DF80010ADF804100D4637B1217811F0D8
:1075900060022FD0202A4BD102E00320BDE8FC81FD
:1075A000E288F2B109060DD5D0F8C40294F801C002
:1075B0003946836860469847E288072A00D907223F
:1075C00039462DE0607887F80002E088402800D333
:1075D0004020C2B287F801223946304600F081F8D7
:1075E0002BE0D0F8C402667800228368214630463A
:1075F000984722E0607830B101281ED00A2809D0CF
:107600000B2815D110E096F89C02032810D1022215
:1076100001A905E096F89C02032809D101226946D8
:10762000304600F07AF808E096F89C02032804D06F
:107630002146304600F04AF803252846AEE7000010
:1076400010B5D0F8D41200EB8101D1F8C02201218D
:107650001AB1D2F8143213B116E0032010BD012183
:10766000C2F814120949D2F81042097801F00F0348
:1076700003EB830300EB83035C61D2F81032D2F892
:10768000082200F0A8FB0021084610BD740200206B
:1076900010B5D0F8B82200245268904700B10324F6
:1076A000204610BD0020704700207047134610B5DB
:1076B0000A46002100F0E5FA002010BD134610B57F
:1076C0000A46002100F087FB002010BD10B50446DB
:1076D000802100F061FB2046BDE81040002100F051
:1076E0005BBB10B50323C0F89432C0F85421C0F836
:1076F00058211346C0F864110A46002100F0C1FA6F
:10770000002010BD10B50521C0F8941200231A46C0
:10771000194600F0B6FA002010BD10B50223C0F8DB
:10772000943242618261134641620A46002100F0B0
:1077300052FB002010BD10B50421C0F894120023A4
:107740001A46194600F047FB002010BD10B50A4646
:10775000024903A000F00FF9004810BD04500020BA
:1077600043444320436F6E6669670000122008801F
:10777000004870472C02002010B50A46024903A0B9
:1077800000F0F9F8004810BD0450002043444320A5
:10779000496E7465726661636500000004200880AC
:1077A000004870472802002010B50A46024903A08D
:1077B00000F0E1F8004810BD0450002053544D691A
:1077C00063726F656C656374726F6E6963730000DA
:1077D00010B50A46024903A000F0CDF8004810BDDC
:1077E0000450002053544D33322056697274756131
:1077F0006C20436F6D506F727400000010B51A203A
:1078000008800A480168001D0468001D0068081807
:1078100009D008220649FDF76FFF054904221031FF
:107820002046FDF769FF0248801E10BD107AFF1F39
:1078300042020020F8B504460020ADF80000488858
:107840000D46010A08295FD2DFE801F05E0409173E
:107850005E5E3D45D4F8B412207C0A6819E0207CB5
:1078600002260028D4F8B80205D0C16A68468847C5
:107870000146467039E0816AF8E7C0B2062843D273
:10788000DFE800F0030B1115191DD4F8B4024268AB
:1078900006E069469047014627E0D4F8B4028268C2
:1078A0008AB3207CF5E7D4F8B402C268F8E7D4F8CC
:1078B000B4020269F4E7D4F8B4024269F0E7D4F8FC
:1078C000B4028269ECE7207CE8B9D4F8B802416BD5
:1078D00068468847DFE7207CA8B9D4F8B802016B76
:1078E00068468847014607204870EA888AB1BDF893
:1078F000000040B1824200D90246ADF80020204687
:10790000FFF70BFFF8BDFFE729462046FFF7DEFE35
:10791000F8E72046FFF70FFFF4E778B50E464288F8
:107920000178002405468A4212D9ADF800100AE019
:10793000694600F019F84178052904D18178044698
:10794000B14205D000246988BDF800209142EFD8EB
:10795000204678BD002102E0491CC9B2401C0278D3
:10796000002AF9D1084670470A8803781A440A8029
:1079700001780844704770B516460D46002820D09F
:107980000446FFF7E7FF022101EB40014FF40070CE
:10799000814204D82046FFF7DDFF4000801C308084
:1079A00030782870032068700220002206E02954F5
:1079B000401CC0B22A54401CC0B2641C217800296B
:1079C000F5D170BD01004FF0000004D0012901D0B5
:1079D000022901D0032070470120704778B10023AD
:1079E000C0F8B832C0F8C432C0F8D03209B1C0F81B
:1079F000B412012180F89C12027000F0CFB803206D
:107A0000704710B5D0F8C802FBF7BCF8BDE81040CD
:107A1000FFF7D8BF10B5D0F8C802FBF78EF8BDE865
:107A20001040FFF7CFBF70B50446002521B194F890
:107A30009C02032846D050E0D4F8941204F11400BC
:107A4000022939D1818942688A420AD9511A416092
:107A5000828901691144016142682046FFF72EFEC8
:107A60000FE0914214D10068884211D3D4F89812E3
:107A700088420DD2002211462046FFF71FFEC4F8AF
:107A8000985200231A461946204600F0FAF813E0EF
:107A900094F89C02032808D1D4F8B802C16821B137
:107AA000C4F8D452C168204688478021204600F09F
:107AB00073F92046FFF726FE94F8A00268B184F817
:107AC000A0520AE0D4F8B802426932B1C4F8D452E4
:107AD000426920469047002800D1002070BD10B5B3
:107AE0000446002221B194F89C02032834D03EE0E1
:107AF000D4F8941204F5AA70032938D18389416817
:107B000099420ED9C91A416001699AB211440161C2
:107B1000426898B2824200D802462046FFF7C6FD6E
:107B200025E094F8AA0210F01F0003D0012802D02B
:107B3000022800D0002294F89C02032808D1D4F82F
:107B4000B802016921B1C4F8D422016920468847EE
:107B50002046FFF7F0FD0AE0D4F8B802836933B19C
:107B6000C4F8D422826920469047002800D1002022
:107B700010BD0020704710B50024012180F89C1230
:107B8000D0F8B82222B152680179904700B103249D
:107B9000204610BDD0F8C802FBF721B810B5017817
:107BA00039BB15490222C1F8E004C0F8C8124FF0F1
:107BB000A040086004200871CA71002088714A72D0
:107BC0008872C87208738873C8730846FBF75EFB37
:107BD00008B1FAF732F880210748FAF75EFF402231
:107BE00000210548FAF75DFF802201210248FAF7DB
:107BF00058FF002010BD0000246400200A0601F098
:107C00007F01D0F8C80201EBC10100EB810001D572
:107C1000807D704790F85602704710B5D0F8D42296
:107C200000EB8202D2F8B82222B190F89C32032BEA
:107C300002D004E0032010BD126A02B19047002078
:107C400010BD10B5D0F8D42200EB8202D2F8B822D1
:107C500022B190F89C32032B02D004E0032010BD27
:107C6000526A02B19047002010BD10B51C46134661
:107C7000D0F8C8022246FAF7BBFFBDE81040FFF774
:107C8000A1BE10B5D0F8C802FAF7E3FFBDE8104076
:107C9000FFF798BE2DE9F04100250126044680F843
:107CA0009C62C4F894526560C4F8A45280F8A05253
:107CB000D0F8B80230B1426822B100212046904786
:107CC00000B103250022402311462046FFF7CDFFD7
:107CD000402784F86361A4F860713B46002280214C
:107CE0002046FFF7C2FF84F8236027842846BDE8BA
:107CF000F08190F89C12042903D190F89D1280F82D
:107D00009C120020704710B590F89C12032905D1F1
:107D1000D0F8B81211B1C96901B18847002010BD6F
:107D200001740020704710B5D0F8C802FBF774FB4F
:107D3000BDE81040FFF746BE70B5044600F2AA2029
:107D4000054600F051F80120C4F89402B4F8B002DE
:107D5000C4F8980294F8AA2212F01F000AD0012851
:107D60000ED0022812D02046BDE8704002F08001FB
:107D700000F012B829462046BDE8704000F0D2B8A5
:107D800029462046BDE8704000F015BA2946204635
:107D9000BDE8704000F05CB910B5D0F8C802FAF741
:107DA00074FFBDE81040FFF70DBE10B5D0F8C80253
:107DB000FBF74CFBBDE81040FFF704BE90F89C12A7
:107DC000042903D090F89C1280F89D12042180F8B9
:107DD0009C120020704710B5D0F8C802FAF78EFF49
:107DE000BDE81040FFF7EEBD70B5044611F8010B79
:107DF000207011F8010B60700D460846FEF700FE7A
:107E0000A91C60800D460846FEF7FAFDA080A81C5C
:107E1000FEF7F6FDE08070BD38B504460020ADF8F1
:107E20000000A1B1C4F8B812D4F8D40204EB800069
:107E3000D0F8B802C16A19B168468847C4F8D002C0
:107E4000D4F8D802401CC4F8D802002038BD032062
:107E500038BD03460020D3F8B822002A02D01268A9
:107E600018461047704700002DE9F04188462B4E18
:107E70008978002504463170012906D941462046FB
:107E8000FFF724FC0320BDE8F08194F89C02022750
:107E900002280CD003281DD041462046FFF716FCCF
:107EA00031782046FFF7F4FB03252846EBE789B33A
:107EB00020466160FFF7CDFF050004D04146204613
:107EC000FFF704FC1DE02046FFF735FC032084F893
:107ED0009C02EAE7C1B1606888421BD0C1B220466B
:107EE000FFF7D6FB317820466160FFF7B2FF05004F
:107EF00010D041462046FFF7E9FB21792046FFF7E5
:107F0000C7FB84F89C72D0E784F89C7220466160BD
:107F1000FFF7BEFB2046FFF70EFCC6E7700200200D
:107F2000FFF743BF2DE9F0410A78002612F0600206
:107F30000CD0202A01D0402A7DD1D0F8D42200EBE9
:107F40008202D2F8B8229268904731E04A78002342
:107F500001250A2A6FD2DFE802F041666E586E08EA
:107F6000056E2D29FFF766FC67E004468888D8B9BE
:107F7000C888C8B94888802816D200F07F0794F8CE
:107F80009C02032810D084F89E7239462046FFF7E1
:107F9000CAFE2046FFF7CFFB1FB1022084F89C02E7
:107FA0004BE084F89C5248E0204644E0FFF75CFF39
:107FB000064642E0CA88012A3DD190F89C22012A57
:107FC00004D0022A02D0032A35D104E0012200F1B4
:107FD0000801836016E00122011D13E090F89C2245
:107FE000012A03D0022A01D0032A24D1CA88022AF6
:107FF00021D1C560D0F8A41209B10321C1600222C9
:1080000000F10C01FFF789FB17E04A88012A02D032
:10801000022A03D00FE0C0F8A45216E08988090AAA
:1080200080F8A01211E090F89C22012A08D0022AC0
:1080300006D0032A04D0FFF749FB3046BDE8F081A3
:1080400049880129F9D1C0F8A432FFF774FBF4E79D
:108050002DE9F041054608780C790E464FF00008EE
:1080600010F060000BD0202801D040286BD12146B1
:108070002846FFF717FBFF2800D0D8B398E07078A8
:10808000C8B3012824D003285DD195F89C020228AA
:1080900002D0032857D10CE0002C54D0802C52D0B1
:1080A00021462846FFF778FE80212846FFF774FE18
:1080B0007EE0708840B93CB1802C05D0C88818B9E2
:1080C00021462846FFF768FE2846FFF734FB6FE09D
:1080D00095F89C020228DFD0032866D1708888BBFF
:1080E000600603D021462846FFF78BFC2846FFF7A1
:1080F00022FBBCE700E00AE0C5F8D402D5F8B802DC
:108100008268FAB1314628469047804650E095F89B
:108110009C020027022802D0032846D114E00CB1AB
:10812000802C42D1200604F07F0000EB800005EB9C
:10813000800101D5143101E001F5AA71022201F894
:108140000E7F2EE034E030E0200604F00F0000EB5C
:10815000800005EB80000AD590F8230028B304F0D6
:108160007F0000EB800005EB800614360AE090F8F3
:108170006301D0B104F07F0000EB800005EB8006C6
:1081800006F5AA764CB1802C07D021462846FFF789
:1081900035FD10B10120B07300E0B773022206F183
:1081A0000E012846FFF7B9FA02E02846FFF78EFADB
:1081B0004046BDE8F08170B50546087800240E46BB
:1081C00010F0600003D0202801D0402827D195F876
:1081D0009C02012803D0022801D003281FD1B088B7
:1081E000C1B201291AD8C1B22846FFF75DFAFF28AB
:1081F0000CD058B9D5F8B8128A683AB1C5F8D4028B
:108200008A68314628469047044600E00324F088F7
:10821000204307D12846FFF78EFA03E0314628466F
:10822000FFF754FA204670BD7047000000487047C1
:108230000462002070B50A78012302F00F054E7821
:10824000AB401B4CD0F81C58012E17D045EA034315
:10825000C0F81C3800EB4210D0F8002B12040BD4ED
:10826000D0F8002B0B890979C3F30A031A4344EAB7
:1082700081410A43C0F8002B002070BD9BB21D4312
:10828000C0F81C5800EB4210D0F800391B04F3D49E
:10829000D0F800390D890979C5F30A0589042B4303
:1082A00041EA82510B432343C0F80039E4E7000060
:1082B00000800010D0F800196FF30A01C0F800190F
:1082C000D0F8041841F48071C0F8041800207047F9
:1082D00070B50D460446C2F3072004991E460128D6
:1082E0001BD0E06840F04000E060204600F032F82B
:1082F000C6F307210029A16B26D021F48031A163A8
:10830000C5F30741012907D1A16841F00601A16029
:10831000A16841F02001A16070BDA06B20F4803005
:10832000A063E0680A4A1040E060E06820F4401072
:10833000E060C8B2012803D1E06840F48010E0603A
:10834000204600F007F8DBE741F48031D7E7000072
:10835000BFFFBDFF08B500214FF07062009100998A
:10836000491C0091914210D801690029F7DA0A21CD
:108370000091491E0091FCD1016941F001010161A8
:108380000099491C0091914201D9032008BD01695F
:10839000C907F5D1002008BD70B54C780A780123D3
:1083A00000EB4212012C2DD0D2F8004B002C0BDA3E
:1083B000D2F8004B44F00064C2F8004BD2F8004BF6
:1083C00044F08044C2F8004BD0F83C480D781E467B
:1083D00005F00F05AB4024EA0343C0F83C38D0F861
:1083E0001C48097801F00F0106FA01F324EA034161
:1083F000C0F81C18D2F8000B19490840C2F8000B4D
:10840000002070BDD2F80049002C0BDAD2F80049E8
:1084100044F00064C2F80049D2F8004944F08044B6
:10842000C2F80049D0F83C480D7805F00F061D460B
:10843000B3409BB29C43C0F83C48D0F81C48097834
:1084400001F00F0105FA01F399B28C43C0F81C4802
:10845000D2F8000903490840C2F80009D0E700003B
:108460000078F3EF007833ECD0F8001E21F0030120
:10847000C0F8001ED0F8041821F00201C0F804185A
:1084800000207047D0F8001E21F00301C0F8001E44
:10849000D0F8041841F00201C0F804180020704719
:1084A0002DE9F04F002604460F46924630463546E9
:1084B00004EB8001C1F80451401C0F28F8D3C3F32A
:1084C00007405FEA000B204613D0806B20F40011B8
:1084D000A163A06B40F40021A163C4F8005ECAF35D
:1084E0000720012817D0D4F80018204641F00301D6
:1084F00018E0D0F8040840F00201C4F80418A06B9A
:1085000040F40011A163A06B20F40021A163A06BD3
:1085100020F48021E0E7380ED4F80018204601D07E
:1085200041F00101C0F80018102100F087FA00B1F5
:108530000126204600F066FA00B10126C4F8105862
:10854000C4F81458C4F81C5800204FF0006C4FF0C9
:1085500090434FF67F39FAB214E004EB4011D1F8A2
:108560000089B8F1000F06DA10B1C1F8003904E053
:10857000C4F800C901E0C1F80059C1F81059C1F8A8
:108580000899401C8242E8D8002014E004EB401116
:10859000D1F8008BB8F1000F06DA10B1C1F8003B3A
:1085A00004E0C4F800CB01E0C1F8005BC1F8105B47
:1085B000C1F8089B401C8242E8D8D4F8100820F487
:1085C0008071C4F81018A5616FF080406061C7F336
:1085D000074018B9A06940F01000A061A0690A49DD
:1085E0000843A061CAF3074018B1A06940F0080031
:1085F000A061BBF1010F03D1A06904490843A06148
:108600003046BDE8F08F000000383C800400004098
:10861000816821F0010181600020704710B5036C72
:10862000134CA34203D9D0F8003B002B1EDB0023E0
:10863000C0F8103BD0F8103B43F40023C0F8103BC7
:10864000D0F8103B43F01803C0F8103BD0F8103BB3
:1086500043F0C043C0F8103B012907D1C0F8142BE8
:10866000D0F8001B41F08021C0F8001B002010BD95
:108670000A30544F4A780B78012A00EB43100BD094
:10868000D0F8002B22F40012C0F8002B097903293E
:1086900014D0022912D017E0D0F8002922F40012D9
:1086A000C0F800290979032901D002290CD1D0F89A
:1086B000001941F08051C0F8001905E0D0F8001B06
:1086C00041F08051C0F8001B002070470A784B78B9
:1086D000D1B200EB4110012B12D0D0F8001B0029C1
:1086E00006DB2AB1D0F8001B21F08041C0F8001B46
:1086F000D0F8001B41F40011C0F8001B00207047A7
:10870000D0F80019002906DB2AB1D0F8001921F0B1
:108710008041C0F80019D0F8001941F40011C0F8E8
:108720000019EBE7F8B50C784F788B4DE3B26FF09A
:10873000604600EB4313012F29D0D3F8107B6FF371
:108740001207C3F8107BD3F8107B2F40C3F8107BBF
:10875000002C7DD00D69002D7BD08C6825446D1ECA
:10876000B5FBF4F5ADB26C430C62D3F8104B06EADE
:10877000C5452C43C3F8104BD3F8104B0D6AC5F315
:1087800012052C43C3F8104B012A70D0CBE00F69BF
:10879000EFB1D3F810796FF31207C3F81079D3F85B
:1087A00010792F40C3F810790CB30F698D682F44EE
:1087B0007F1EB7FBF5F5D3F81079ADB206EAC546D2
:1087C0003743C3F810790E79012E1CD02AE0D3F874
:1087D00010692E40C3F81069D3F8105945F40025EC
:1087E000C3F81059D3F810596FF3120520E00E6941
:1087F0008D68AE4200D90D61D0F8105945F40026BD
:10880000C0F810690EE0D3F8106926F0C046C3F82E
:108810001069D3F810694FF0C04707EA45752E4339
:10882000C3F81069D3F810590E69C6F31206354320
:10883000C3F81059012A1BD000EB4413D3F80049A8
:1088400044F00444C3F800490C79012C31D001E014
:1088500044E057E00A695AB3D0F83428097801F0A7
:108860000F03012199400A43C0F8342871E056E013
:10887000CA691AB100EB4413C3F814290979012914
:108880000ED1D0F80818C90500EB4411D1F8002921
:1088900002D442F0005201E042F08052C1F80029B7
:1088A00000EB4410D0F8001941F00441C0F8001961
:1088B0004FE0D0F80848E405D3F8004902D444F06A
:1088C000005401E044F08054C3F8004900920A8A41
:1088D00093B20A78C96800F0DFF93AE00C690CB18C
:1088E0008C680C618C680C62D0F8105BC4F31204C5
:1088F0002543C0F8105BD0F8104B44F40024C0F8B6
:10890000104B41E7D3F8104B8D68C5F312052C438B
:10891000C3F8104BD3F8104B44F4002432E7CA6874
:108920000AB1C3F8142B097901290CD1D0F8080831
:10893000C005D3F8000B02D440F0005001E040F035
:108940008050C3F8000BD3F8000B40F00440C3F88C
:10895000000B0020F8BD0000FFFF07E038B5002243
:1089600000920B784D7800EB431442F21073012D06
:1089700019D0D4F8005B002D3CDAD4F8005B45F048
:108980000065C4F8005B0C7800EB4414D4F8005B7D
:1089900045F08045C4F8005B009C641C00949C4238
:1089A00021D9012226E0D4F80059002D22DAD4F88A
:1089B000005945F00065C4F800590C7800EB4414E8
:1089C000D4F8005945F08045C4F80059009C641C57
:1089D00000949C42E5D80C7800EB4414D4F800498C
:1089E000002CF3DB06E00C7800EB4414D4F8004BC9
:1089F000002CD1DB104638BD816841F00101816057
:108A00000020704708B500234FF070620093009972
:108A1000491C009191420AD801690029F7DA102116
:108A2000009301610099491C0091914201D90320F2
:108A300008BD0169C906F5D4002008BD18B5002499
:108A40004FF070630094009A521C00929A420CD826
:108A50000269002AF7DA202242EA811100940161BA
:108A60000099491C0091994201D9032018BD016960
:108A70008906F5D4002018BDD0F8080810F00600CB
:108A800004D0022803D0062801D00F20704702200E
:108A90007047406900F001007047D0F81818D0F80E
:108AA0001C08084080B27047D0F81818D0F81C088D
:108AB0000840000C704710B5D0F81038D0F83428B2
:108AC00001F00F0400EB4110E24002F00102D0F887
:108AD000080943EAC212104010BD00EB4111D1F861
:108AE000081BD0F8140808407047416980690840A5
:108AF000704730B503460846940802F0030100228F
:108B000003F5805303E01D6840F8045B521CA24249
:108B1000F9D300290BD01C680022D50024FA05F3F4
:108B2000491E521C090400F8013B090CF5D130BD67
:108B300070B50546C068002420F0C040E8600129F7
:108B400001D079B120E0E86840F00050E8600A20E8
:108B5000F9F7FEFD68690A3410F0010F10D1C82C36
:108B6000F5D30DE0E86840F08040E8600A20F9F7AE
:108B7000EFFD68690A3410F0010F01D0C82CF5D35D
:108B8000C82C01D0002070BD012070BDD0F8002895
:108B900022F4FE62C0F80028D0F800284FF4FE63EB
:108BA00003EA01110A43C0F80028002070470000C2
:108BB000022A3ED1264A274B0A449A4201D20F216B
:108BC00038E0254A254B0A449A4201D20E2131E071
:108BD000234A244B0A449A4201D20D212AE0224A18
:108BE000224B0A449A4201D20C2123E0204A214B15
:108BF0000A449A4201D20B211CE01F4A1F4B0A442F
:108C00009A4201D20A2115E01D4A1E4B0A449A429B
:108C10000FD31D4A1D4B0A449A4201D2082109E094
:108C20001B4A11441B4A914201D2072102E006214E
:108C300000E00921C26822F47052C260C2684FF499
:108C4000705303EA81210A43C2600020704700008C
:108C5000405327FF00350C00401E1BFF40420F0011
:108C600000DC0BFF804F1200808CF9FE20D6130031
:108C700060B6E5FE60E3160000D3CEFE40771B0031
:108C8000C05BB3FEC091210000CA91FE2075380080
:108C9000E05459FEE09C410010B5029C6CB9DB1C0D
:108CA0009C0800EB0230002300F5805003E051F8EF
:108CB000042B02605B1CA342F9D3002010BD00000E
:108CC000F8B50546007814460E46A52832D14FF671
:108CD000FF72A11E2846F8F7B3FF2919C2B211F896
:108CE000023C9A4226D111F8011CB1EB102F21D180
:108CF000224629463046F8F7D4F8114A1068002871
:108D000018D0EFF3058181B100200090694610680A
:108D100002F0F0F9009868B10A494FF080500860FD
:108D2000BFF34F8FBFF36F8F04E000231A4619463D
:108D300002F02EF921462846BDE8F840F8F728B998
:108D40000000002004ED00E0FEE700000B4B10B532
:108D5000094A198810EE100A5054491C89B2040AB5
:108D60005454491C89B2040C5454491C89B2000E55
:108D70005054491C198010BDF40700202800002021
:108D800070B50D4D0B4A0024298880235454491C8A
:108D900089B25454491C89B25354491C89B27F2367
:108DA0005354491C8AB22A80024900F007F82C80EB
:108DB00070BD0000F407002028000020FF23FBF70F
:108DC000F2BC00000348417821F001014170FDF739
:108DD0001DBE0000EE4C00200A4810B5006860B1CE
:108DE0004FF0FF3102F0D4F9074A0848916FC0F8FC
:108DF0000A10516FC0F8061010BDBDE810400A20DF
:108E000001F0B2BE0000002090490020EE4C00208E
:108E1000FFF7D8FFFFF7E0FF0348FDF70DFD012046
:108E200001F0A2FEF6E70000EE4C0020410008022F
:108E300018BF04200A0E18BF40F001004FF07F4217
:108E400032EA010108BF40F00200012808BF0520F6
:108E500070470907090E002804DB00F1E02080F8C4
:108E60000014704700F00F0000F1E02080F8141D9E
:108E70007047000010B510EE104A4FF01A402DED6B
:108E8000028B00EB4400B0F1C85F4AD84FF0FC40C1
:108E9000B0EB440F22D2B0EEC00AF7EE000A30EE7B
:108EA000C00AF6EE000A20EE208A18EE100A01F041
:108EB0004BFD00EE100A14F0004F1DBF9FED281A65
:108EC000DFED280AB1EE400A9FED271A08BFF0EE49
:108ED000410AF8EE001A20EE210A05E020EE008A91
:108EE0009FED221ADFED220ADFED221A9FED222AE2
:108EF00070EEC00A20EE080A08EE212ADFED1F1AE4
:108F000048EE021A9FED1E2A08EE212ADFED1D1AF7
:108F100048EE021ABDEC028B40EE610A30EE810A87
:108F200010BD4FF0CC40B0EB440F82BF9FED160A4E
:108F3000BDEC028B10BD4FF07F40B0EB440F05D26B
:108F4000BDEC028BBDE8104000F04EBB0120F8F7ED
:108F5000C2F8BDEC028BBDE8104000F04BBB000036
:108F60000000494022AA7D3A000000000000C93FED
:108F700022AAFD3924FE1C3DC78AD83C1E67383D15
:108F80001B93993DAFAA2A3EDB0FC93F10B54FF0A6
:108F90000E402DED028BB0EE408A18EE104A00EB29
:108FA0004400B0F1506F4AD84FF0FC40B0EB440F92
:108FB00022D2B0EEC80AF7EE000A30EEC00AF6EE92
:108FC000000A60EE208A18EE900A01F0BDFC01EE66
:108FD000100A14F0004F1DBFDFED2D0A9FED2D0A82
:108FE000B1EE411ADFED2C0A08BF9FED2C0AF8EE16
:108FF000001A21EE218A05E0DFED290A68EE088AD1
:10900000B0EE600A9FED271ADFED271A30EE080A4E
:1090100048EE811A9FED251A08EEA11ADFED241AF9
:1090200048EE811A9FED231A08EEA11A68EE281A5D
:10903000BDEC028B01EE810A30EE200A10BD4FF02C
:10904000E440B0EB440F0CD918EE100AFFF7EEFE27
:10905000042808BF00F0D6FAB0EE480ABDEC028B37
:1090600010BD4FF07F40B0EB440F07D2B0EE480A7E
:10907000BDEC028BBDE8104000F0B6BA0120F8F755
:109080002AF8BDEC028BBDE8104000F0B3BA000036
:109090000000C9BF22AAFDB90000C93F22AAFD39BC
:1090A0000000000024FE1C3DC78AD83C1E67383DE6
:1090B0001B93993DAFAA2A3E10EE100A10B510EE90
:1090C000901A4FF0684202EB40032DED028BB3F192
:1090D000654F3CBF02EB4102B2F1654F7CD200BF4D
:1090E000C0F3C753C1F3C7529A1A1B2A09DD10F007
:1090F000004F14BF9FED6E0A9FED6E0ABDEC028B10
:1091000010BD12F11A0F1BDA11F0004F09D010F048
:10911000004F0CBF9FED680A9FED680ABDEC028B03
:1091200010BD80EE208A18EE100AFFF77FFE04289B
:1091300008BF00F067FAB0EE480ABDEC028B10BD24
:109140004200B2EB410F37D910F0004F19BFDFEDED
:109150005C1A9FED5C1ADFED5C1A9FED5C1AB0EEB5
:10916000602A0A46F1EE400A80F00041B0EE420A61
:1091700010460A1A5200B2F1807F34D2484010F0F3
:10918000004FDFED532A9FED533A1DBFBEEE002A7C
:1091900071EEE21A31EE431AB6EE002A04BF71EE08
:1091A000A21A31EE031AF0EE402A42EE602A40EE97
:1091B000020A82EEA02A18E011F0004F04BF9FEDD2
:1091C000461AF0EE411AD4D010F0004F1CBFDFED6C
:1091D000431A9FED431A00E026E004BFDFED411A79
:1091E0009FED411AC5E780EE202A22EE020ADFED4C
:1091F0003F0ADFED3F2ABDEC028B40EE202ADFED77
:109200003D0A40EE220ADFED3C2A40EE202ADFED47
:109210003B0A40EE220A22EE000A00EE201A31EE4E
:10922000020A30EE210A10BD4FF07F42B2EB400F30
:1092300028BFB2EB410F05D2BDEC028BBDE8104058
:1092400000F0D5B940EA01035B0008BF41F0FF41DF
:109250000BD0B2EB400F08BFB2EB410F08D120F0AA
:10926000804000EE100A21F0804100EE901A37E7AE
:10927000B2EB400F12BF5FEA410240F0FF4001F045
:1092800000413FF42DAF4A0092EA40033FF528AF7A
:10929000002AACBF9FED1A1A9FED1A1A20EE010AA0
:1092A00060EE810A10EE100A10EE901A18E7000026
:1092B000DB0FC9BFDB0FC93FDB0F4940DB0F49C0E4
:1092C0000000C9BF22AAFDB90000C93F22AAFD398A
:1092D0000060ED3EC30ACE3700000000000049C028
:1092E00022AA7DBA0000494022AA7D3A2DAD65BD73
:1092F0008FB8D53D0FB511BE61C84C3EA8AAAABE15
:109300000000804F0000802F10EE101A08B5444A6C
:109310006846B2EB410F28D94FF0E640B0EB410F61
:1093200094BF00204FF0FF3000900098002861DBD0
:1093300060EE000A10F0010F45D010F0020FDFEDD3
:10934000391A9FED391A00EEE11ADFED381A40EEB6
:10935000811A21EEA01AF0EE400A40EE010A08BF81
:10936000F1EE600AB0EE600A08BD314B21F0004218
:1093700093423CD911F0004FDFED2E0A20EE201A67
:10938000DFED2D0A19BF31EE601A71EE200A31EEC1
:10939000201A71EE600ABDEEE01A11EE100A9FED80
:1093A000271A00F0030000EEC10A9FED251A009075
:1093B00000EEC10A9FED231A00EEC10A9FED221AAA
:1093C00000EEC10AB1E79FED211A9FED210A10F0CE
:1093D000020F00EE810A9FED1F1A00EE801AB7EE11
:1093E000000A00EE810A18BFB1EE400A08BD00F085
:1093F00011F99AE710EE100A4000B0F17F4F3CBF20
:10940000B7EE000A08BD07D14FF00100F7F763FE81
:10941000BDE8084000F0EEB8BDE8084000F0E4B850
:10942000B61F927E336D4C39DA82083CA0AA2ABE60
:10943000490E494683F9223F0000004B0000C93F16
:1094400000A0FD390020A2331A61342CB93AB2BA17
:10945000CA9F2A3DDDFFFFBE00B510EE101A2DEDAC
:10946000028B81B0524A6846B2EB410F2ED94FF0C1
:10947000E640B0EB410F94BF00204FF0FF3000906A
:109480000098B0EE408A00286ADB10F0010F4BD044
:1094900068EE080A9FED471A9FED470A00EE810A21
:1094A0009FED461A10F0020F00EE801AB7EE000A88
:1094B00000EE810A02BF01B0BDEC028B00BD00BF0F
:1094C00001B0B1EE400ABDEC028B00BD3C4B21F077
:1094D0000042934241D911F0004FDFED3A0A20EEED
:1094E000201ADFED390A19BF31EE601A71EE200A39
:1094F00031EE201A71EE600ABDEEE01A11EE100A8C
:109500009FED321A00F0030000EEC10A9FED301A01
:10951000009000EEC10A9FED2F1A00EEC10A9FEDE8
:109520002E1A00EEC10AABE728EE080A9FED2B1AAF
:10953000DFED2B0A10F0020F40EE410A9FED291AD1
:1095400000EE201A61EE000AB0EE480A08EE200A8A
:10955000B6D101B0BDEC028B00BD00F05BF88FE727
:1095600018EE100A4000B0F17F4F0DD218EE100A2D
:10957000FFF75CFC042808BF00F044F8B0EE480A8E
:1095800001B0BDEC028B00BD09D10120F7F7A3FDAE
:1095900001B0BDEC028B5DF804EB00F02BB801B01C
:1095A000B0EE480ABDEC028B5DF804EB00F01CB88D
:1095B000B61F927EB93AB2BACA9F2A3DDDFFFFBEFE
:1095C000490E494683F9223F0000004B0000C93F85
:1095D00000A0FD390020A2331A61342C336D4C39C0
:1095E000DA82083CA0AA2ABE30EE000A704730EEAC
:1095F000200A7047DFED020A80EEA00A70470000E3
:10960000000000009FED020A20EE000A70470000F3
:10961000000000102DE9F0014FF07F42B2EB410F46
:109620009FBF4FF0FF310160BDE8F00170474FF080
:10963000004242EA0123C1F3C752783A551112F0B1
:109640001F0C434CCCF120067C44C1F3C752A2F15D
:1096500078024FEA621204EB820254F8254008BFF8
:10966000D2E9015612D0556804FA0CF425FA06F72F
:109670003C43976805FA0CF527FA06F8D26807FA12
:109680000CFCF24045EA08054CEA0206A4FB034C38
:10969000A5FB0352A6FB03631D449D4234BF012674
:1096A00000261319334416B1934202D903E09342C2
:1096B00001D2012200E00022624402F1200C920655
:1096C000DC0C42EA443200EE102A5B03DFED210A93
:1096D000F8EEC01A00EE103A4FEA9C1C11F0004F51
:1096E000B8EE400AC0F800C020EE201A00EE105A72
:1096F000DFED190AB8EE400A20EE200A71EE810A69
:1097000070EE800A10EE902A02F500626FF30B02F1
:1097100000EE902A70EEE11A31EEC11ADFED101A58
:1097200030EE411A9FED0D0A20EE800A01EE210A6B
:109730009FED0C1A00EE810A04BFBDE8F0017047EE
:10974000CCF180510160BDE8F001B1EE400A7047F4
:10975000883A0000000000360000802C22AAFD2973
:10976000DB0FC92F0000C92F2DE9F0410024F7F7C6
:10977000E3FD8020F7F726FF5520F7F723FF55205C
:10978000F7F720FFF7F7D0FD9620F7F7FCFDF7F786
:10979000D3FD8020F7F716FF5520F7F713FF55206C
:1097A000F7F710FFF7F7C0FD9620F7F7ECFDF7F796
:1097B000C3FDB6217E20F7F715FFF7F7B5FD502062
:1097C000F7F7D5FDF7F7B8FD8020F7F7FBFE55203A
:1097D000F7F7F8FE5520F7F7F5FEF7F7A5FD962009
:1097E000F7F7D1FDF7F7A8FD8020F7F7EBFE55203E
:1097F000F7F7E8FE5520F7F7E5FE0546F7F794FD85
:109800009620F7F7C0FD1E2D02D0FF20BDE8F081A5
:10981000174EF7F791FD04EB4405AF19705D7978A9
:10982000F7F7E0FEF7F780FD9620F7F7ACFDF7F7C6
:1098300083FD705D40F08000F7F7C4FE5520F7F718
:10984000C1FE5520F7F7BEFE0546F7F76DFD9620E1
:10985000F7F799FD7878A84204D004EB440030442F
:109860008078D3E7641CE4B2062CD2D30020CDE785
:109870009C010020F8B500248DF80040F7F76EFD3C
:1098800069460020F7F792FEF7F760FD9620F7F79C
:109890007AFDF7F763FD69460020F7F787FEF7F7D3
:1098A00055FD9620F7F76FFDF7F758FDB621142008
:1098B000F7F798FEF7F74AFD5020F7F758FDF7F74E
:1098C0004DFD69460020F7F771FEF7F73FFD962042
:1098D000F7F759FDF7F742FD69460020F7F766FEF6
:1098E000F7F734FD9620F7F74EFD9DF800000F289E
:1098F00001D0FF20F8BD154EF7F730FD04EB44050D
:10990000AF19705D7978F7F76DFEF7F71FFD9620B8
:10991000F7F739FDF7F722FD705D6946F7F746FE68
:10992000F7F714FD9620F7F72EFD78789DF80010D4
:10993000884204D004EB440030448078F8BD641CB5
:10994000E4B2062CD8D30020F8BD0000AE01002000
:1099500000B58BB000200121CDE9060108910090EF
:109960000190029003900590049069460548F8F72D
:1099700023FA0448F8F725FD02210248F8F7ACF96C
:109980000BB000BD940500200A8852BA02804A88B4
:1099900052BA42808A8852BA82808979C1807047DF
:1099A00000487047FC4A0020DFED3E2A9FED3E3A1A
:1099B000DFED3E3A00B5B0EE622AF0EE621AB0EE8C
:1099C000431AF0EE630A9FED3A0A3A4800F0F8FBBA
:1099D000DFED394A3748B0EE622AF0EE641A9FEDA7
:1099E000371AF0EE430A9FED360A343000F0E8FBF8
:1099F0003048B0EE622AF0EE621A9FED321ADFEDC7
:109A0000320A9FED320A683000F0DAFB9FED304AEF
:109A10002848B0EE622AF0EE641AB0EE441AF0EE76
:109A2000430A9FED2C0A9C3000F0CAFB2148B0EE9F
:109A3000622AF0EE621AB0EE431AF0EE630AB2EE5A
:109A40000E0AD03000F0BCFB9FED235AB0EE622A24
:109A5000F0EE641AB7EE001AF0EE430AB0EE450AD3
:109A60001E4800F0ADFB1D48B0EE622AF0EE621A0F
:109A7000B0EE431AF0EE440AB3EE000A343000F0C0
:109A80009FFB1648B0EE622AF0EE641AB0EE631A3D
:109A9000F0EE430AB0EE450A68305DF804EB00F0E2
:109AA0008FBB000000007A44000000000AD7233C6E
:109AB000000016437C4500200000C842CDCC4C3D40
:109AC0000000A042A69B443B8FC2753D0000484366
:109AD0000AD7A33B0000484200009643804600207E
:109AE0002DE9F04104462DED028B3B4EDFF8EC8072
:109AF0009FED3B8A3B4F3C4D6AE07089DFED3B8A2E
:109B000000EE100A0021B8EE400A10EE100AC4F868
:109B10001701308800EE100AB8EE400A10EE100A65
:109B2000B0EE680AC4F887002C480C38FCF7E1FB5B
:109B30000021B0EE480A4046FCF7DBFB2046FCF76C
:109B4000C7FC6888401C80B26880D4F8871000EE9B
:109B5000101A30EE680AB0EEC00A10EE101AB942C0
:109B60000BDBD4F8171100EE101A30EE480AB0EEF5
:109B7000C00A10EE101AB94202DAA988491CA9805D
:109B80000A2825D9A88842F21071884220D9308845
:109B9000002100EE100A1148B8EE400A0C38FCF71C
:109BA000A8FB7089002100EE100A4046B8EE400A7A
:109BB000FCF79FFB00231A461946286901F0E8F9D3
:109BC0000020A88068802870BDEC028BBDE8F08181
:109BD0002878012891D0F7E77C4B0020704B0020BB
:109BE0000008814500004040F001002000C02845E9
:109BF00070B5044641480D462DED048B1646012BE9
:109C0000418900EE101AB8EE400A10EE101AC4F89E
:109C10001711008800EE100AB8EE400A10EE100A84
:109C2000C4F887003648016FC4F80F11806FC4F87C
:109C30007F0001D0F3B35AE0FFF7B2FE44F8010F02
:109C4000806802F08DFE9FED338B9FED349B41ECDD
:109C5000100B9FED2C4B9FED2D3BB0EE482AF0EE04
:109C6000682AB0EE491AF0EE691A00F02BF951ECAF
:109C7000100B01F07FFD00EE100AB1EE400A85EDF9
:109C8000000A2068C06802F06BFE41EC100B9FEDEB
:109C9000254B9FED263BB0EE482AF0EE682AB0EE49
:109CA000491AF0EE691A00F00DF951EC100B01F0B1
:109CB00061FD00E00DE000EE100AB1EE400A10EE8A
:109CC000100A86ED000AC4F812012868C4F8820060
:109CD0000DE0184900231A464868C4F813010868C3
:109CE000C4F8830014481946006801F051F9BDEC2E
:109CF000048B0520BDE8704000F036BF7C4B00208F
:109D00009049002000000000008066400000000034
:109D1000008066C00000000000A084400000000039
:109D200000A084C000000000008056400000000039
:109D3000008056C0040200200000002070B50D46CF
:109D400004005CD0002A5AD0002D58D092ED000AB1
:109D50002B48B5EEC00AF1EE10FA0ED2D4F80F116E
:109D6000284A914203D300219FED270A12E0D4F83C
:109D7000131100EE101A00210CE0B5EEC00AF1EE4E
:109D800010FAF4DDD4F80F11204A9142EFDB0021E4
:109D9000B3EE040AFCF7ADFA95ED000AB5EEC00A81
:109DA000F1EE10FA13D210EE100A1949884208D3C6
:109DB000D4F87F001749884221D300219FED160A6D
:109DC00017E0D4F88300002100EE100A11E0B5EE90
:109DD000C00AF1EE10FAF4DD10EE100A0F498842C5
:109DE000EFDBD4F87F000E498842EADB00219FEDCB
:109DF0000D0ABDE8704002480C38FCF77ABA70BD15
:109E0000704B00200000F8C100000CC2000094411B
:109E10000000B4C20000AEC20000B4C20000B442F0
:109E20000000AE420000B44210EE100AF6EE000A46
:109E3000074960EE200AA1EB600000EE100A20EE58
:109E4000801AF7EE080A41EE400A20EE800A7047B9
:109E5000865A375FF8F78AFDFCF72CFEFCF7D2F83C
:109E6000FCF764F8FCF754F9FCF7AAF9FCF774F96D
:109E7000FCF7F8F9FCF736F8FCF7D4F9A820F7F767
:109E8000A9FDF7F797FA0028FBD100F0A7FCFFF730
:109E90008BFDFFF75DFD0648FAF700F8FFF780FD40
:109EA00004490860FCF768F800F03DF8FEE70000A0
:109EB00014060020DC01002001460020842900D087
:109EC000C81C704710B553EC112B2DED088BB0EE6C
:109ED00044BAF0EE64BAB0EE439AF0EE639AB0EE94
:109EE00040AAF0EE60AA51EC120B02F037FA41ECF6
:109EF000180B53EC192B51EC1B0B02F02FFA53ECFF
:109F00001A2B02F08BF853EC182B01F0BBFEBDECC2
:109F1000088B41EC100B10BD10B500B9012000F00A
:109F200023FE002010BD10B500F0BCFE002010BDC7
:109F30007FB50D4604464169B0F9080081B1A169B9
:109F400071B1FFF7B9FFD4E905128DE80700D4E934
:109F500000102B46226901F03EFA039004B070BD58
:109F6000FFF7AAFF03A9CDE90001208A2B4682B2A0
:109F7000D4E9001001F002FA012801D00020EDE739
:109F80000398EBE700B580ED050A0146C0ED060A2F
:109F900000F0F2FB81ED070AD1ED000A214A60EEE4
:109FA000801AC1ED091AD1ED0A0A91ED011A41EEAC
:109FB000000AC1ED0A0A91ED081A91ED022A10EE8D
:109FC000900A30EE411A904221EE021A81ED0B1AEE
:109FD00081ED080A02DB9FED140A09E010EE900AF9
:109FE000124A904202D291ED0A0A03E09FED100A54
:109FF00081ED0A0A31EE800A0E4A30EE010A10EEB7
:10A00000100A81ED0C0A904202DB9FED0B0A06E07C
:10A0100010EE100A094A904203D39FED090A81ED20
:10A020000C0A00BD00803B4500803B4500803BC5DD
:10A0300000803BC500409C4500409C4500409CC5BD
:10A0400000409CC500B580ED050A0146C0ED060A3A
:10A0500000F074FB81ED070AD1ED000A214A60EEA1
:10A06000801AC1ED091AD1ED0A0A91ED011A41EEEB
:10A07000000AC1ED0A0A91ED081A91ED022A10EECC
:10A08000900A30EE411A904221EE021A81ED0B1A2D
:10A0900081ED080A02DB9FED140A09E010EE900A38
:10A0A000124A904202D291ED0A0A03E09FED100A93
:10A0B00081ED0A0A31EE800A0E4A30EE010A10EEF6
:10A0C000100A81ED0C0A904202DB9FED0B0A06E0BC
:10A0D00010EE100A094A904203D39FED090A81ED60
:10A0E0000C0A00BD00803B4500803B4500803BC51D
:10A0F00000803BC500409C4500409C4500409CC5FD
:10A1000000409CC580ED050A30EE600AC0ED060AED
:10A11000234A80ED070AD0ED000A60EE801AC0EDF8
:10A12000091AD0ED0A0A90ED011A41EE000AC0EDBD
:10A130000A0A90ED081A90ED022A10EE901A30EEFD
:10A14000411A914221EE021A80ED0B1A80ED080AA5
:10A1500002DB9FED140A09E010EE901A124A9142B8
:10A1600002D290ED0A0A03E09FED100A80ED0A0A80
:10A1700031EE800A0E4A30EE010A10EE101A80ED20
:10A180000C0A914202DB9FED0B0A06E010EE101A5A
:10A19000094A914203D39FED090A80ED0C0A7047EA
:10A1A00000803B4500803B4500803BC500803BC5AF
:10A1B00000409C4500409C4500409CC500409CC51B
:10A1C00080EC050A704700002DE9F041184E0F465B
:10A1D0000446F5683068001D00F0D5FB38B93068DA
:10A1E00090F82C1001208840316981433161601C56
:10A1F00007D137B13168BDE8F0410E48091D00F0C4
:10A2000005BC30682C44AC424460316805D2B06B68
:10A21000BDE8F041091D00F0E1BB706B091D00F0C5
:10A22000DDFBB06A844200D2B462BDE8F081000078
:10A230002C000020500900202DE9F041054600F0D7
:10A24000F1FB2E4EB068401CB06030682C4F10B14E
:10A25000706940B32DE03560B068012829D1002431
:10A2600004EB840007EB800000F0AAFB641C072CC1
:10A27000F6D323488C3000F0A3FB2148A03000F037
:10A280009FFB1F48B43000F09BFB1D48C83000F016
:10A2900097FB1B48DC3000F093FB19488C3070634F
:10A2A0001430B06305E03068E96AC06A884200D8BB
:10A2B0003560706A0121401C7062E86A3269814031
:10A2C0001143316100EB800007EB8000291D00F095
:10A2D0009DFB00F0C7FB706900280CD03068E96A6C
:10A2E000C06A884207D207494FF080500860BFF328
:10A2F0004F8FBFF36F8FBDE8F08100002C0000206E
:10A300007408002004ED00E02DE9F041856B17464C
:10A3100004460026026C82B1C7B1E068F6F7C1FDC1
:10A32000E168206C091AE1602268914202D2A168BA
:10A33000081AE060022F16D017E02068A8B9A068BC
:10A3400001F0EAF806460020A0600EE06068F6F72B
:10A35000A8FD216C606808446060A168884204D34D
:10A360002068606001E005B16D1E6D1CA56330467C
:10A37000BDE8F08110B5044690F8510058B10128AD
:10A380000CD002280FD0502080F31188BFF34F8FDC
:10A39000BFF36F8FFEE7206B00F078FB2046BDE82F
:10A3A000104000F073BB10BD10484FF470514207CD
:10A3B00006D0C01D0D4920F00700411AC1F57051AB
:10A3C0000B4A00230144C2E900030839183A21F07E
:10A3D000070111604B600B600B1AC0E9001393601A
:10A3E0004FF0004053605061704700006409002046
:10A3F00080000020134E144DA6F1C8074FF080587E
:10A40000DFF8489011E000F00DFBF068C468201DF3
:10A4100000F0B9FAA868401EA8606868401E68602D
:10A4200000F020FB2046FFF7A5FF68680028EAD16E
:10A4300038680128F9D9C9F80080BFF34F8FBFF3FE
:10A440006F8FF2E73C0900202C00002004ED00E0B3
:10A450000346009829B10260C0E90F31012100F0E4
:10A4600053BD0060F8E72DE9F0479A46DDE909841D
:10A4700081466FF00303206B03EB82021044089DBA
:10A4800020F00706700707D0502080F31188BFF333
:10A490004F8FBFF36F8FFEE7002761B100202318B5
:10A4A0000A5C83F834200A5C12B1401C1028F6D3F1
:10A4B00084F8437001E084F83470072D00D306253A
:10A4C000E562C4E91157201D00F085FA04F1180077
:10A4D00000F081FA2461C5F107006462A061E764BD
:10A4E00084F8507052464946304600F011F9206019
:10A4F000B8F1000F01D0C8F80040BDE8F0870000B7
:10A5000030B5114900E011460A688242FBD34B681E
:10A510005C18844203D14068184448600846436888
:10A520001C18944209D1084C183C2468A24209D056
:10A5300052681A4442600A6812680260814200D080
:10A54000086030BD0460F9E78000002010B50446C3
:10A5500000F068FAA06B20B1002400F083FA2046D6
:10A5600010BD0124F9E700000648416B096829B1D4
:10A57000416BC968C9684968816270474FF0FF3113
:10A58000FAE700002C00002008484068401C4FF00B
:10A59000500080F3118804D0BFF34F8FBFF36F8F4B
:10A5A000FEE7BFF34F8FBFF36F8FFEE788000020F9
:10A5B0002DE9F041044600F035FA94F9455004F1D4
:10A5C000240609E0606A48B1304601F037F808B166
:10A5D00000F0F8FA6D1E6DB2002DF3DC4FF0FF367F
:10A5E00084F8456000F03EFA00F01CFA94F94450FB
:10A5F00004F1100709E0206948B1384601F01EF85F
:10A6000008B100F0DFFA6D1E6DB2002DF3DC84F8A6
:10A610004460BDE8F04100F025BA00002DE9F041AA
:10A620000546002600F074FB324F386808B9FFF782
:10A63000BBFE786905424ED1C5B3083568070ED018
:10A6400005F00700C0F108000544680707D0502056
:10A6500080F31188BFF34F8FBFF36F8FFEE72DB3E9
:10A660007868854237D8234918310846046801E0E4
:10A67000214604466068A84202D220680028F7D12B
:10A680003868844227D00E68206808606068083601
:10A69000411B10290FD96019420708D0502080F3C0
:10A6A0001188BFF34F8FBFF36F8FFEE713E0416058
:10A6B0006560FFF725FF61687868401A7860BA68BE
:10A6C000904200D2B860786901430020C4E90001DB
:10A6D000F868401CF86000F0EBFF700707D05020CE
:10A6E00080F31188BFF34F8FBFF36F8FFEE73046C3
:10A6F000BDE8F081680000200449086818B10868C6
:10A70000826C521C82640868704700002C00002094
:10A7100010B5031F4FF080741C601B1F21F0010156
:10A720001960191F044B0B6014390A60091F6FF080
:10A73000020244380A6010BD89A500080D4870EE79
:10A74000601AB0EE002A90ED001AF4EEC11AF1EE94
:10A7500010FA02DD41EE020A08E0F1EE412AF4EEC1
:10A76000E21AF1EE10FA01D241EE420A30EE600A2E
:10A770007047000094000020174870EE601A90EDBA
:10A78000001AB4EEC10AF1EE10FA04D2F4EEC10AD6
:10A79000F1EE10FA09D3B4EEC10AF1EE10FA07DDBA
:10A7A000F4EEC10AF1EE10FA02DDB0EE610A704774
:10A7B000B4EEC10AF0EE001AF1EE10FA07DDF4EE85
:10A7C000C10AF1EE10FA02D241EE210A01E001EED7
:10A7D000210A30EE600A70479400002002492422CA
:10A7E000A1F12400FCF748B8404B00202DE9F041CE
:10A7F0000C462DED048B00287ED0002C7CD00178F7
:10A80000427841EA0221C1F30A0100EE101AB8EEC3
:10A81000400A10EE101A216042788378D20842EA8A
:10A820004312C2F30A0200EE102AB8EE400A10EEFC
:10A83000107A67608278C378920942EA83020379CA
:10A8400042EA8322C2F30A0200EE102AB8EE400A5E
:10A8500010EE106AA66002794379520842EAC312E8
:10A86000C2F30A0200EE102AB8EE400A10EE105AA7
:10A87000E5604279C2F3011222754279920962754C
:10A880008279C37942EA0322E282027A437A42EA77
:10A8900003222283827AC37A42EA03226283027B02
:10A8A0002277427B6277827BC37B42EA0322E28388
:10A8B000027C407C9FED219A42EA0020C0F30A000E
:10A8C00000EE100AF8EE409A00EE101A30EE490A37
:10A8D00010EE100A02F044F89FED198B53EC182B80
:10A8E00001F09CFB00F046FF00EE107A206030EE95
:10A8F000490A10EE100A00E01BE002F031F853ECB8
:10A90000182B01F08BFB00F035FF00EE106A606041
:10A9100030EE490A10EE100A00EE105AA06030EE38
:10A92000490A10EE100A39EEC90AE06010EE100A6A
:10A930002061BDEC048BBDE8F08100000000804484
:10A940009A9999999999B93F10B500EE100A2DED91
:10A95000028BB1EEC08A18EE100A20F00040C0F160
:10A96000FF40C00F0AD010EE100A20F00040C0F1E6
:10A97000FF40C00F04BF0120F6F7ADFB18EE100A30
:10A98000BDEC028B10BDD0E9013201699A60D0E9BB
:10A9900001235A604A68824201D182684A600022DB
:10A9A00002610868401E086008687047034B036036
:10A9B00003F15400086080201060704740030020BD
:10A9C00000F108014FF0FF32C0E90112C1600161DE
:10A9D00000210160704700210161704730B50C68AB
:10A9E000621C02D000F1080202E0026904E01A468B
:10A9F00053681D68A542FAD953684B6099608A6014
:10AA0000516008610168491C016030BD42684A60BC
:10AA100093688B6093685960916008610168491C74
:10AA200001607047502080F31188BFF34F8FBFF350
:10AA30006F8F0A494868401C486001280CD10848BB
:10AA4000006810F0FF0F07D0502080F31188BFF38B
:10AA50004F8FBFF36F8FFEE7704700008800002024
:10AA600004ED00E00849486828B1401E486001D163
:10AA700080F311887047502080F31188BFF34F8F07
:10AA8000BFF36F8FFEE700008800002070B500283C
:10AA90002AD0164DA0F1080460686969084207D100
:10AAA000502080F31188BFF34F8FBFF36F8FFEE705
:10AAB00022683AB1502080F31188BFF34F8FBFF363
:10AAC0006F8FFEE78843606000F022F96068696874
:10AAD000084468602046FFF713FD2869401C286180
:10AAE000BDE8704000F0E4BD70BD000068000020CB
:10AAF0004FF0E02000210161816105494FF47A7235
:10AB00000968B1FBF2F1491E4161072101617047FB
:10AB10002400002010B5F5F707FC114910280ED3CA
:10AB200000F1E02090F8F0030A78904207D250201C
:10AB300080F31188BFF34F8FBFF36F8FFEE7094893
:10AB40000068896800F4E060884207D9502080F3EB
:10AB50001188BFF34F8FBFF36F8FFEE710BD00006A
:10AB6000880000200CED00E010B5020014D00F4862
:10AB7000006B38B1502080F31188BFF34F8FBFF3C3
:10AB80006F8FFEE700F0C4F800211046FFF71CFBB2
:10AB900000F08EFD002807D105494FF08050086075
:10ABA000BFF34F8FBFF36F8F10BD00002C0000204C
:10ABB00004ED00E002490A6A0260C968416070471A
:10ABC0002C00002001490120C86170472C000020A2
:10ABD00010B50C4650B1094909681831FFF7FEFE5F
:10ABE0002046BDE810400121FFF7EEBA502080F367
:10ABF0001188BFF34F8FBFF36F8FFEE72C0000204B
:10AC000070B50B46040047D0A26CA2B1616C9942AA
:10AC100000D21946E06A88423ED0012A3CD11F4D3D
:10AC20002A6894420FD1502080F31188BFF34F8FD0
:10AC3000BFF36F8FFEE7502080F31188BFF34F8F73
:10AC4000BFF36F8FFEE7E162A269002A02DBC1F168
:10AC50000701A161124E00EB8000616906EB8000E4
:10AC6000814219D1201DFFF78EFE012130B994F8E1
:10AC70002C002A6901FA00F082432A61E06A2A69FD
:10AC800081401143296100EB800006EB8000211D0B
:10AC9000BDE87040FFF7BABE70BD00002C00002078
:10ACA0007408002010B586B00024039405AA04A9F6
:10ACB00003A80494FFF77AFEDDE903010094CDE9CF
:10ACC000011000230EA11048059A00F084FB0F49E3
:10ACD0000028C86211D0502080F31188BFF34F8F35
:10ACE000BFF36F8F4FF0FF30886201204861CC6066
:10ACF00006B0BDE8104000F055B806B010BD000029
:10AD000049444C4500000000F5A300082C00002039
:10AD10000248016B491C0163704700002C000020B1
:10AD2000144A106B10B10120D06170470020D0612F
:10AD300010691149B0FA80F0C0F11F0000EB8000EB
:10AD400051F820306BB101EB800000F1080341683D
:10AD500049684160994201D149684160C868106002
:10AD60007047502080F31188BFF34F8FBFF36F8F70
:10AD7000FEE700002C0000207408002010B50446F7
:10AD80000020FDF7E3FFB0EE600A0120FDF7DEFFD3
:10AD9000B0EE410A0220FDF7D9FF2046BDE8104081
:10ADA000FDF7EEBF1CB537480168374A914207D11D
:10ADB000502080F31188BFF34F8FBFF36F8FFEE7F2
:10ADC00000683149491E884207D1502080F311881C
:10ADD000BFF34F8FBFF36F8FFEE72C4908780190C8
:10ADE000FF20087008788DF800009DF800009DF89D
:10ADF000002000F0F000904207D0502080F311882E
:10AE0000BFF34F8FBFF36F8FFEE79DF80000204C1C
:10AE100000F0500020700720A06006E0401EA060F7
:10AE20009DF8000040008DF800009DF8000000062D
:10AE3000A068F3D4032807D0502080F31188BFF313
:10AE40004F8FBFF36F8FFEE74FF44070A060019803
:10AE500008700C482030016841F4700101600168FD
:10AE600041F070410160FFF743FE00206060F5F79C
:10AE700023FA0848016841F040410160F5F708FAFB
:10AE800000201CBD00ED00E071C20F4100E400E0B5
:10AE90008800002034EF00E010B5502080F31188C6
:10AEA000BFF34F8FBFF36F8F00F0D0FA18B1044992
:10AEB0004FF080500860002080F3118810BD000022
:10AEC00004ED00E0F8B517460E46050013D005FB6B
:10AED00006F04830FFF7A2FB04000AD0002084F8F7
:10AEE000460004F148023B46314628460094FFF7ED
:10AEF000AFFA2046F8BD502080F31188BFF34F8F82
:10AF0000BFF36F8FFEE7000070B50D46040025D03B
:10AF1000FFF788FDD4E90F20216802FB0011A16032
:10AF20000021A163216861600A46D4E90F01401E37
:10AF300000FB0121E16021464FF0FF3001F8440F92
:10AF4000487004F110008DB1FFF73AFD04F12400C0
:10AF5000FFF736FDFFF786FD012070BD502080F31E
:10AF60001188BFF34F8FBFF36F8FFEE72169002970
:10AF7000F0D000F063FB0028ECD004494FF0805083
:10AF80000860BFF34F8FBFF36F8FE3E704ED00E07E
:10AF90002DE9FF4F83B01F468B4604004FF000069B
:10AFA00003D0BBF1000F08D011E0502080F31188CE
:10AFB000BFF34F8FBFF36F8FFEE7206C38B1502087
:10AFC00080F31188BFF34F8FBFF36F8FFEE7022F1F
:10AFD0000AD1E06B012807D0502080F31188BFF31D
:10AFE0004F8FBFF36F8FFEE700F022FADFF800917A
:10AFF0004FF0000A4FF0805848B9059838B15020FA
:10B0000080F31188BFF34F8FBFF36F8FFEE7FFF719
:10B0100009FDA06BE16B884205D3022F03D0059890
:10B02000C8B1DEB11EE03A4659462046FFF76CF93A
:10B03000616A19B104F1240000F000FB28B1C9F8DD
:10B040000080BFF34F8FBFF36F8FFFF70BFD012021
:10B0500007B0BDE8F08FFFF705FD21E06846FFF778
:10B06000A9FD0126FFF7FEFCFFF752FEFFF7DAFC11
:10B0700094F94400401C01D184F844A094F945009F
:10B08000401C01D184F845A0FFF7ECFC05A96846F7
:10B0900000F03AF930B12046FFF78AFA00F008FBD9
:10B0A0000020D5E7FFF7BEFCA06BE16B884201D121
:10B0B000012500E00025FFF7D5FC95B104F1100053
:10B0C0000599FFF785FD2046FFF772FA00F0F0FAC8
:10B0D00000289CD1C9F80080BFF34F8FBFF36F8F5A
:10B0E00095E72046FFF764FA00F0E2FA8FE70000E8
:10B0F00004ED00E070B50E46040009D0206C78B174
:10B10000502080F31188BFF34F8FBFF36F8FFEE79E
:10B11000502080F31188BFF34F8FBFF36F8FFEE78E
:10B12000206848B9A06838B1502080F31188BFF377
:10B130004F8FBFF36F8FFEE7FFF7ECFC5020EFF36C
:10B14000118580F31188BFF34F8FBFF36F8FA16B11
:10B15000E06B884218D994F94500491CA163411C51
:10B1600004D0401C84F8450001200EE0606A0028ED
:10B17000FAD004F1240000F061FA0028F4D0002E87
:10B18000F2D001203060EFE7002085F3118870BD18
:10B190002DE9F3434FF0000583B004002E4609D09B
:10B1A000206C78B1502080F31188BFF34F8FBFF32C
:10B1B0006F8FFEE7502080F31188BFF34F8FBFF3EE
:10B1C0006F8FFEE700F034F9DFF8389100274FF079
:10B1D000805848B9049838B1502080F31188BFF3E3
:10B1E0004F8FBFF36F8FFEE7FFF71CFCA06BC8B15A
:10B1F000401EA063206810B9FFF77EFAA0602069A6
:10B2000050B104F1100000F019FA28B1C9F800801B
:10B21000BFF34F8FBFF36F8FFFF724FC012005B002
:10B22000BDE8F083049808B165B10FE03EB150204D
:10B2300080F31188BFF34F8FBFF36F8FFEE7FFF7E7
:10B2400011FC5DE06846FFF7B5FC0125FFF70AFC3D
:10B25000FFF75EFDFFF7E6FB94F94400401C01D1C7
:10B2600084F8447094F94500401C01D184F845707D
:10B27000FFF7F8FB04A9684600F046F800282046CE
:10B2800012D0FFF795F900F013FA2046FFF75EF9A8
:10B290000028A9D09EB3FFF7C5FB606A50B3206BAE
:10B2A0000068C0F1070126E0FFF750F9E0B120681F
:10B2B00038B9FFF7B7FBA06800F07AF90646FFF748
:10B2C000D1FB04F124000499FFF782FC2046FFF72C
:10B2D0006FF900F0EDF9002886D1C9F80080BFF3BE
:10B2E0004F8FBFF36F8F7FE72046FFF761F900F0C4
:10B2F000DFF979E70021A068FFF782FC9FE7FFE70D
:10B3000000208CE704ED00E02DE9F0410C4605003B
:10B3100011D0C4B1FFF786FB174EF1686B68226845
:10B32000C81A571C17D02F68366AB74219D08B42FB
:10B3300017D8012410E0502080F31188BFF34F8FFD
:10B34000BFF36F8FFEE7502080F31188BFF34F8F5C
:10B35000BFF36F8FFEE70024FFF784FB2046BDE8B4
:10B36000F081824205D9101A20602846FFF722FC9E
:10B37000F1E700202060DCE72C0000202DE9FF5FD2
:10B380008346DDE90E87994616468A469000FFF708
:10B3900045F905001CD05420FFF740F9040014D0F3
:10B3A0000020256384F85100CDE90240CDE90087F3
:10B3B0004B46324651465846FFF755F82046FEF7B1
:10B3C0003BFF012004B0BDE8F09F2846FFF75EFB7D
:10B3D0004FF0FF30F6E7F0B585B00546DDE90B0428
:10B3E0000A9EA8B1E4B1542700972063022084F894
:10B3F00051000020CDE9024004AF2846CDE90067A6
:10B40000FFF731F82046FEF717FF049805B0F0BDAE
:10B41000502080F31188BFF34F8FBFF36F8FFEE78B
:10B42000502080F31188BFF34F8FBFF36F8FFEE77B
:10B430000548416919B1006B18B10020704701201F
:10B4400070470220704700002C0000202DE9F041D9
:10B450002F4F0026386B28B1B869401CB8613046C0
:10B46000BDE8F081FD686D1CFD6013D1786B00684C
:10B4700038B1502080F31188BFF34F8FBFF36F8F27
:10B48000FEE7786BB96B7963B863386A401C386241
:10B49000FFF76AF8B86ADFF87C80854209D3786BD9
:10B4A0000068A0B1786BC068C4686068854211D23A
:10B4B000B8623868C06A00EB800158F821000128A2
:10B4C00000D90126F8690028C9D00126C7E74FF046
:10B4D000FF30EDE7201DFFF756FAA06A18B104F11E
:10B4E0001800FFF750FAE06A01213A6981401143E0
:10B4F000396100EB800108EB8100211DFFF786FA1E
:10B50000E06A3968C96A8842C9D30126C7E70000E2
:10B510002C0000207408002070B504004FF00000DB
:10B5200041D0214D29688C4207D0502080F31188EA
:10B53000BFF34F8FBFF36F8FFEE7A16C71B1491E50
:10B54000A164636CE26A9A422DD000292BD1201DA0
:10B55000FFF719FA1549012240B112E0502080F39B
:10B560001188BFF34F8FBFF36F8FFEE7E06A00EBE8
:10B57000800351F8233023B92B6902FA00F083438A
:10B580002B61606CE062C0F10700A061E06A2B698A
:10B5900082401A432A6100EB800001EB8000211DEC
:10B5A000FFF734FA012070BD2C0000207408002041
:10B5B00070B504004FF0000035D01E4DE16A2A68D6
:10B5C000D26A914230D2A069002804DB2868C06AA0
:10B5D000C0F10700A061E06A174E00EB80006169CE
:10B5E00006EB800081421AD1201DFFF7CCF9012122
:10B5F00030B994F82C002A6901FA00F082432A61DC
:10B600002868C06AE0622A6981401143296100EB21
:10B61000800006EB8000211DFFF7F8F902E02868A2
:10B62000C06AE062012070BD616C2A68D26A9142F2
:10B63000F8D370BD2C000020740800202DE9F041E3
:10B64000C068C468ACB104F118000746FFF79BF965
:10B65000154D286B0126A0B139461448FFF7D6F9DD
:10B66000E06A2968C96A88421CD90120EE61BDE8F8
:10B67000F081502080F31188BFF34F8FBFF36F8F9D
:10B68000FEE7201DFFF77FF9E06A2A6906FA00F15C
:10B6900011432961054900EB8000B43901EB8000BA
:10B6A000211DDBE70020E2E72C0000202809002014
:10B6B0002DE9F0472C4D00242746286B38B1FFF7C1
:10B6C000B1F9286B401E2863286B40B146E050203A
:10B6D00080F31188BFF34F8FBFF36F8FFEE7A86829
:10B6E00022490126D0B3A1F1B4098846D8F8001048
:10B6F000E9B1D8F80C00C46804F11800FFF743F969
:10B70000201DFFF740F9E06A2A6906FA00F11143AB
:10B71000296100EB800109EB8100211DFFF776F91B
:10B72000E06A2968C96A8842E0D3EE61DEE70CB1BD
:10B73000FEF71AFFAC693CB1FFF788FE00B1EE617D
:10B74000641EF9D10020A861E86938B108490127D1
:10B7500038070860BFF34F8FBFF36F8FFFF782F991
:10B760003846BDE8F08700002C00002028090020A2
:10B7700004ED00E021F00042A2F16052B2F5801F1A
:10B7800001F0004328BFD2F17E6C51D9F1EE10CA0E
:10B790001CF4400F14D15FEAC00C43EAC20202EB72
:10B7A000507008BF70475FEA4C0C40F10000DFF8B2
:10B7B00080C240F0DF8728BF20F0010000F0DABF30
:10B7C000C30001F0004343EAC20202EB507008BF1D
:10B7D00070471B4248BF4FEA4C0C1CF4000F08BFD7
:10B7E000401CDFF84CC200F0C5BFC30001F00043AD
:10B7F00043EAC20202EB507204BF104670471B427C
:10B8000048BF4FEA4C0C1CF4000FDFF824C218BFED
:10B81000104640F0AF8708BF521C12F4000F08BF5B
:10B82000104600F0A78721F0004201F0004330E00D
:10B8300050EA410C04BF084670475FEA125CBCF155
:10B84000FE0F1ED1F1EE10CA1CF4400FCDD15FEAFD
:10B85000C00C9BD05FEA001C4FEAC20C4CEB507C42
:10B8600004BFC2002CEAD27C1CF4000F04BF4CEAD7
:10B870000300DFF8BCC100F07D8721F00042A2F197
:10B880006052B2F5801F4FEA410C2ADB1CF5001F05
:10B8900016D2F1EE10CA1CF4806F06D02CF0005CBA
:10B8A0004CF0805CA1F140612AE04FF07F40DFF86E
:10B8B00084C143EA500000F05DBF084601F00BB9B7
:10B8C00070B500F08BFC00BF000000B988000004D8
:10B8D000FFF7F3BF21F0704243EA507040EAC20024
:10B8E0007047F1EE10CA2CF0805C4CF0005C1CF448
:10B8F000006F25D04B00B3F5001F51D301F140611B
:10B900001CF4400F40F07E800CF0405CC3004CF013
:10B91000880C11D05CF0404C10F0805F0CD00346D6
:10B9200010F1005041F10001020108BF20F0005069
:10B93000834218BF2CF0004C00F0604001F0C7B902
:10B940001CF4400F1AD01B4248BF4FEA4C0C1CF4A9
:10B95000000F13D112F1406248BF22F07F424FEA3C
:10B96000C00CBCF1010F43EAC20242EB50704FF031
:10B97000880228BF42F0804201F0B2B812F1406262
:10B9800048BF22F07F425FEAC00C43EAC20242EAAB
:10B9900050704FF0880218BF42F0404201F0A0B84A
:10B9A00001F0004321F00041094214D0B1FA81FCBA
:10B9B000ACF10B0CCCF1200201FA0CF120FA02F2EE
:10B9C00041EA02014FEA0C5200FA0CF0A1EB02012D
:10B9D00081EA03010FE0B0FA80F200FA02F002F10E
:10B9E00015024FEAD0214FEA0252A1EB02014FEAC1
:10B9F000405081EA0301F1EE10CA2CF0805C4CF05B
:10BA0000005C7BE762460CF0405CC3004CF0880CA5
:10BA100092D05CF0404C094248BF520012F4000F33
:10BA20008AD110F1005041F100012CF0004C83D17B
:10BA3000880000408800001010B5DFF840E211F5E2
:10BA4000801C13F580141EEA4C0F18BF1EEA440F29
:10BA500000F0C88091EA030F48BF83F0004300F173
:10BA60009284841A71EB030C05D2121943EB0C0378
:10BA7000001B61EB0C014FEA1154A4EB135C23EAA9
:10BA80006E0321EA045143F48013DCF1200E53D3FA
:10BA900022FA0CFE10EB0E0023FA0CFE41EB0E0115
:10BAA000CCF1200E03FA0EFE10EB0E0051F1000156
:10BAB000B1F5801FCCF1200E53D201EB045112FAE4
:10BAC0000EF2BDE8104008BF7047F1EE10CA1CF43A
:10BAD000400F1ED14FF0110C92F0000F4CF0804C33
:10BAE00040F14886401C38BF5FEA420240F042867F
:10BAF000002814BF20F0010041F100014FEA41038A
:10BB000013F5001F24BF4CF0805CA1F1C04100F090
:10BB100031BE11F0004F54BF1CF4000F1CF4800F15
:10BB20004FF0110C4CF0804C40F02486401CC0F0CB
:10BB3000218641F10001E1E7012A43EB0302ACF168
:10BB4000200CDCF11F0E32BF4FF0000E23FA0CF375
:10BB500010EB030041EB0451B4EB115FAFD0A1EB4C
:10BB6000045101F5801149085FEA300002FA0EF233
:10BB700042EA420201EB04515FEA320213D0BDE80F
:10BB80001040F1EE10CA1CF4400F1AD14FF0110C06
:10BB900092F0000F4CF0804CB0D5401C38BF5FEAEB
:10BBA0004202ABD1A4E7BDE810404FEA410313F5D0
:10BBB000001F38BF7047DFF8C8C0A1F1C04100F0D6
:10BBC000D9BD11F0004F54BF1CF4000F1CF4800FBE
:10BBD0004FF0110C4CF0804C90D1401C8ED341F1B1
:10BBE00000018BE74EF4001E3EEA410418BF3EEA16
:10BBF000430439D091EA030F48BF83F0004300F1BA
:10BC0000BD84841A71EB030C05D2121943EB0C03AB
:10BC1000001B61EB0C0152EA430E4FEA1154A4EBF6
:10BC2000135C13D05FEA445E21EA04511CBF23F089
:10BC30000043ACF1010C7FF428AFBDE810404FF099
:10BC4000110C801841EB030100F07FBC5FEA445EF9
:10BC5000BDE8104018BF704750EA410C08BF70475C
:10BC60004FF0110C00F071BCBDE8104070B500F051
:10BC7000B5FA00BF64FBBE3E110000040000C0FF27
:10BC8000110000102DE9C04130B4DFF864C33CEA74
:10BC9000111418BF3CEA131400F04B8181EA03052C
:10BCA0001CEA111444EAD57418BF1CEA131500F0FD
:10BCB0001D81A4EB05044FF0004545EAC12145EA8A
:10BCC000C32341EA505143EA525304F17F7499422D
:10BCD00004F500344FEAC0204FEAC22208BF904268
:10BCE00000F0D0804FEA13650FF20426765D4FEA2C
:10BCF000134506FB05F7C7F1807706FB07F74FEA08
:10BD0000D737A7FB03687642C8F58038A7FB06CE75
:10BD100038BFA8F1010807FB08E64FF0000EA6FBAC
:10BD2000028CE6FB03CEDCF1000CCEF1004E38BFF6
:10BD3000AEF1010EA6FB0C584FF000074FF00005C6
:10BD4000E6FB0E87A1FB08C6A0FB07CE16EB0E068E
:10BD500045F10005E1FB076515F1E04E7EBFA4F556
:10BD600080345FEA46066D4116F18007F1EE10CA95
:10BD700045F100054FEA172747EA05671CF4400F15
:10BD80004FEA152536D14FEA4666A6F15E46B6F172
:10BD9000085F2FD9B4F1FE6F2CD8384624F0010C7F
:10BDA00005EBC471BCF1FE6F01EB0C11DFF844C26E
:10BDB00002D8F0BCBDE8004140F2DC8424425CBF04
:10BDC00001F5801E9EEAC47F02D4F0BCBDE80041AC
:10BDD00040F1D084244277D4DFF81CC256EA080E22
:10BDE000A1F1C04118BF4CF0804CF0BCBDE800414F
:10BDF00000F0C0BC4FEAD22242EA43524FEAD323BA
:10BE0000A7FB02864FEAD02040EA415007FB0366B9
:10BE10001EEA0E0F4FEAD12105FB026658BFA6EBC2
:10BE20000056B6EB00564FEA520E4EEAC37E18EBB0
:10BE30000E0E56EB530E05D518EB02085E417F1C23
:10BE400055F1000556EA080E24D01CF4400FA4D08A
:10BE500014F0010F18BF4FEA4C0C1CF4000F08D06F
:10BE600036429AD4B8EB02089E417F1E75F1000558
:10BE700093E7364291D518EB02085E417F1C55F1DD
:10BE800000058AE74FF480154FF000074FF00006D9
:10BE90004FF0000824F0010C384605EBC471BCF1EA
:10BEA000FE6F01EB0C1102D8F0BCBDE800811CEA6A
:10BEB0000C0F5CBF01F5801E9EEAC47F02D4F0BC6B
:10BEC000BDE80081244287D556EA080C01F1C04143
:10BED0001CBF06F0004C4CF0804C4CF0005CF0BCF9
:10BEE0004CF0140CBDE8004100F086BB50EA410E56
:10BEF0000CEA13150BD052EA430E13D000F0EFF901
:10BF0000641B86EA4606240444EAD674D3E652EA61
:10BF1000430E00F02680F0BC81EA030101F00041ED
:10BF2000BDE80081F0BCBDE80041DFF8D0C000F002
:10BF300021BCF0BCBDE8004170B500F04FF900BF76
:10BF4000097EFC3E1400000400F007B881EA0301FA
:10BF50004FF0000001F00041704781EA030100F05A
:10BF6000F6B9F0BCBDE800415FF828C000F002BCA3
:10BF7000FFFDFBF9F7F5F4F2F0EEEDEBE9E8E6E4AE
:10BF8000E3E1E0DEDDDBDAD8D7D5D4D3D1D0CFCD35
:10BF9000CCCBCAC8C7C6C5C4C2C1C0BFBEBDBCBB6E
:10BFA000BAB9B8B7B6B5B4B3B2B1B0AFAEADACAB69
:10BFB000AAA9A8A8A7A6A5A4A3A3A2A1A09F9F9E43
:10BFC0009D9C9C9B9A9999989797969595949393F5
:10BFD000929191908F8F8E8E8D8C8C8B8B8A89898C
:10BFE000888887878685858484838382828181800F
:10BFF0000000FF07140000401400001014000008A7
:10C00000B1FA81F201FA02F1C2F11D024FEA415088
:10C0100003EB025303EBD12170470000DFF8B4C1FA
:10C0200070B51CEA111E1EBF1CEA13159EEA0C0F08
:10C0300095EA0C0F00F0948081EA030421EA4C1188
:10C040004EEAD47E23EA4C13AE4441F4801143F40B
:10C050008013A1FB024CA0FB0365AEF17F7E361975
:10C0600055EB0C05A1FB034C4CF10003A0FB021C9B
:10C0700016EB0C06654153F10003094218BF46F068
:10C08000010613F4007F0BD14FEA03314FEA05306C
:10C09000340341EA155140EA16506FF003020AE0FA
:10C0A0004FEAC3214FEAC520F40241EA555140EA64
:10C0B00056506FF00202264602EB2E4201EB02556B
:10C0C00085EACE7127D0F1EE10CA05461CF4400C6B
:10C0D00014D15FEA440C18BF24F0004450F1000072
:10C0E00041F1000120EAD47040F2FD7C624517D294
:10C0F000BDE87040DFF8E0C000F03CBB5FEACE7402
:10C1000054BF1CF4000F1CF4800F08BF10F1010095
:10C1100041F10001E8E740F2FE7C624504D270BDC7
:10C1200008BF11F4801FE3D0A84214BF4FF0804431
:10C130004FF04044002E08BF0024BEF1806FD8BFEE
:10C1400001F1C041A8BFA1F1C04144F0130CA8BF48
:10C150004CF0805CBDE8704040F34E8200F00ABBBA
:10C160009EEA0C0F0CEA131518BF95EA0C0F19D0B4
:10C1700091EA030F48BF4EF0010E50EA410418BF88
:10C1800052EA430409D000F0AAF8641986EA460688
:10C190004FEA044E4EEAD67E5BE74FEACE714FF08F
:10C1A000000070BD00F01AF88900013E1300000481
:10C1B00000F005B800F007B852EA430C06D081EA57
:10C1C000030100F0C4B850EA410CF8D15FF824C074
:10C1D00000F0D0BA0000FF07130000400EF1020E7D
:10C1E0002EF0030E01285EF8086B41EB010414F5F4
:10C1F000001418BFB4F5801F23D3364208D4012A97
:10C2000043EB030515F5001518BFB5F5801F18D3CE
:10C2100001EB010C1CF5801F16D2364204D403EB4F
:10C22000030C1CF5801F0FD2002C10D14FEAD17CDB
:10C23000002D0CEB4C0C0CF1020C08BF4CEBD37C2A
:10C2400007E04FF0090C04E04FF0080C01E04FEA62
:10C25000D37C0CEB4C0526FA05F606F00706B6F182
:10C26000040C06D20EEB860CBDE870404CF0010CBD
:10C270006047DFE80CF0222413025EF804CC1B2D8B
:10C2800008D1002C88BFB4F5801F34BF4CF4804C1B
:10C290004CF4004CBDE8704000F06CBA002C88BF34
:10C2A000B4F5001F24BF1946104670BD4FF00000C2
:10C2B0004FF00041A1F5002170BD1946104601283C
:10C2C00051EB010418BFD4F5001484BF5EF804CC10
:10C2D0002CF0806CBDE8704000F22B82704780B576
:10C2E0004FF003065C004FEA03334FEA3606640D55
:10C2F0004FEA133318BF43F480131CD153EA125E84
:10C3000004F1010402BF13460022203C1B4202BF7D
:10C31000130B1205143CB3FA83FEAEF10B0ECEF1F3
:10C32000200C03FA0EF322FA0CFC02FA0EF2A4EB34
:10C330000E0443EA0C030FB416F0010F0CBC03BC4F
:10C3400018BF2546CED180BD80B50126F3E7080889
:10C35000A0F500114FEA31017047000010B5DFF879
:10C3600094E211F5801C13F580141EEA4C0F18BFDF
:10C370001EEA440F00F0F38091EA030F48BF83F0F8
:10C3800000433FF56EAB841A71EB030C07D2121910
:10C390008CF0004C43EB0C03001B61EB0C01524290
:10C3A0004FEA1154A4EB135C23EAAE0321EA0451D3
:10C3B000C3EBAE0338BF5B1EDCF1200E48D322FA7C
:10C3C0000CFE10EB0E0043FA0CFE41EB0E01CCF11B
:10C3D000200E03FA0EFE10EB0E0051F10001CCF11D
:10C3E000200E4CD412FA0EF201EB0451BDE81040BD
:10C3F00008BF7047F1EE10CA1CF4400F14D14FF083
:10C40000120C92F0000F4CF0804C40F1B381401CB4
:10C4100018BFB2F1004F40F0AD8100280CBF491C9D
:10C4200020F0010000F0A6B911F0004F54BF1CF439
:10C43000000F1CF4800F4FF0120C4CF0804C40F0B9
:10C440009981401C40F0968141F1000100F092B9C1
:10C4500012EB020E43EB030218BF4FF0010E4EEA3F
:10C460004202ACF1200CDCF11E0E4BD943FA0CFE5B
:10C4700010EB0E0051F1FF31CCF11E0EB2D50EF1D2
:10C48000010E12FA0EFE404141EB010101EB445C4A
:10C490005FEA5C5C06D95FEA0E0201EB0451BDE87D
:10C4A0001040A5E73BD24FEAD42C11F5001124F43B
:10C4B00000641AD0B1FA81F20B3AA41AA41ED2F188
:10C4C0002003914030FA03F31943904001EBCC7103
:10C4D000002C01EB0451BDE81040A8BF704701F1EA
:10C4E000C0414FF0120C00F087B8B0FA80F310FA98
:10C4F00003F101D1BDE8104019D0E41A173C4805FA
:10C50000C90AE3E701EB0451BDE81040401E61F1A8
:10C5100000015FF0FF326BE701EB045110BD4910E1
:10C5200001EB0451BDE810404FEA30000BE0F1EEA2
:10C5300010CA4FF000010CF4400CBCF5000F08BF0E
:10C540004FF0004170474FF0120C4A0008BF004204
:10C55000EDD0B2F5001F28BF704700F0EAB84EF4E6
:10C56000001E3EEA410418BF3EEA430434D091EA7B
:10C57000030F48BF83F000433FF543AB841A71EBD0
:10C58000030C07D212198CF0004C43EB0C03001B78
:10C5900061EB0C0152EA033E4FEA1154A4EB135C29
:10C5A00014D05FEA445E21EA045109D023F000432D
:10C5B0005242ACF1010CC3F1000338BF5B1EFBE635
:10C5C000BDE81040801A61EB0301BCE7BDE81040F4
:10C5D00050EA410CB7D1AAE7BDE8104070B5FFF7AB
:10C5E000FDFD00BF40DFF63E1100000483F0004176
:10C5F000104670470000C0FFF1EE103A13F0807F44
:10C600001EBF01F000410020704713F4006F40F09E
:10C61000AA80094248BF4CF4803C4FF4C0634FEA03
:10C62000115203F1010321EA025122F400629A1A25
:10C6300048BF6FF0FE0241F48011352A3CD830D05B
:10C64000152A1ED3203A0CD90028C2F1200321FA62
:10C6500002F001FA03F218BF42F001024FF00001AC
:10C6600030E0C2F1000302F1200201FA03F120FAE6
:10C6700002F241EA020100FA03F208464FF000011B
:10C6800020E0C2F1200310B400FA03F401FA03F32E
:10C6900020FA02F021FA02F1224610BC43EA00001F
:10C6A00010E050EA01324FF000004FF000014FF06F
:10C6B000004218BF521C05E04FF001024FF000018C
:10C6C0004FF000001CF4803F2CF4803C18BF41F078
:10C6D000004112421ED0F1EE103A13F4400F20D167
:10C6E000520003D30CD0401C41F10001F1EE103A8E
:10C6F0004CF0804C43F00803E1EE103A00F03AB8F9
:10C700005FEAAC72EFD4F1D1401C41F1000120F09E
:10C710000100EBE71CF0804F08BF70472CF0004C85
:10C72000E4E7094254BF13F4000F13F4800FDDD186
:10C73000D9E7F1EE103A13F0807F1EBF01F00041FF
:10C740000020704713F4006F08BF70472DE9F050C8
:10C75000FFF7FAFD04F5C064A4F10104314301EBD5
:10C760000451BDE8F0504CF0005C4CF0800C00F03F
:10C77000AEBA00001CF0700F08BF0A460FB4F1EE0D
:10C78000101A0CF0405030EA814318BF4CF0804C36
:10C790004FEA4C0310EA814F4FEAD36323EA112397
:10C7A00018BF23F0100341EA030101F0E073E1EE4A
:10C7B000101A4CEA030C0CF00F030A2B1DBF082BB8
:10C7C0000CF070034CEAC30C4FF4003304BF33EA9F
:10C7D0000C034CF4400C1CF0005F14D11CF0805F83
:10C7E0000BD11CF0804F31D11CF0006F12D111F42D
:10C7F000807F0FBC62D000F06ABA11F4806F0FBC6A
:10C800002BD000F064BA11F4006F0FBC08BF704762
:10C8100000F05DBA11F4007F0FBC40F058821CF0AC
:10C82000400F1EBF4FF0004040F0010070471CF069
:10C83000100F14BF81EA030242400CF00F000A28D7
:10C8400008BF4FF0FF324FF0000326E011F4805F85
:10C850000FBC08BF704700F03ABAF1EE103A2CF066
:10C86000805C1CF0800F14BF01F0004200F0004219
:10C8700012420CBF12EA336F12EAF35F0DD31CF0C1
:10C88000100F1DBF30A003C81143314808BF10432B
:10C8900013F4805F40F01B8270471CF0100F02F011
:10C8A00000421DBF0FF2940003C81143254808BF82
:10C8B000104313F4805F40F00A8270471CF0400F71
:10C8C00040F028801CF4404F1BD01CF4004F1CBFCC
:10C8D000194610460CF4807218BF8CEA520C1CF0FA
:10C8E000800F0CBF40F4800041F400218CEADC038F
:10C8F00013F0100F1CBF2CF00F0C4CF0080C00F0C4
:10C900008DB91CF0100F1ABF12A393E8030013484F
:10C9100000F084B91CF0800F14BF01F0004200F059
:10C9200000421CF0100F1BBF0AA393E803000B4842
:10C93000114308BF104300F071B900BF00000000B0
:10C940000000F07F0000807FFFFFFFFFFFFFEF7F11
:10C95000FFFF7F7F000000000000F87F0000C07F25
:10C9600043004FEAD30C4FEA3C0C43401FBF400743
:10C970000CF1605113F0FE4F70471CF0006F14D1A2
:10C9800033F0004004BF1946704783EA830383EA0B
:10C99000430303F0070343EACC010CF0004303F127
:10C9A0005A5303F54013FFF72BBB0CF0004343EA47
:10C9B000507010B540EACC0000F00FF8000000BA4B
:10C9C000180000044FEA0001FFF7C1BC4FEAE00283
:10C9D0004FEA407042F0E04170470EF1020E2EF037
:10C9E000030E4FEA40025EF8084B12F1807218BF46
:10C9F000B2F5000F22D3244207D44FEA410313F1CA
:10CA0000807318BFB3F5000F18D34FEA400C1CF524
:10CA1000000F16D2244204D44FEA410C1CF5000F3B
:10CA20000FD2002A10D14FEAD07C002B0CEB4C0C1B
:10CA30000CF1020C08BF4CEBD17C07E04FF0090C65
:10CA400004E04FF0080C01E04FEAD17C0CEB4C0302
:10CA500024FA03F404F00704B4F1040C06D20EEB3C
:10CA6000840CBDE810404CF0010C6047DFE80CF08E
:10CA70001F2013025EF804CC1B2B08D1002A88BFAC
:10CA8000B2F5000F34BF4CF4804C4CF4004CBDE8C0
:10CA90001040FFF76FBE002A88BFB2F1807F28BF29
:10CAA000084610BD4FF00040A0F5800010BD0846BC
:10CAB000420018BFD2F1807284BF5EF8042C22F0CD
:10CAC0008062BDE8104000F28A8070474FF000009D
:10CAD000E1EE100A7047FF2141EAD050C0057047CF
:10CAE000F1EE101A11F0807F1CBF00F0004070477B
:10CAF00011F4006F40F08E8000F0004343EAD05301
:10CB000023F48073C3F1C10323F00041172941D8F6
:10CB1000C3F1200310FA03F1C3F1200320F07F409A
:10CB200040F4000020FA03F003F0004340EA030061
:10CB300019D00B46F1EE101A41F00801E1EE101A7F
:10CB400011F4400F1CD1590009D318BF401C06D165
:10CB50007FEAE27398BF401C38BF20F0010042F02A
:10CB6000804CFFF707BE12F0804F08BF7047F1EE10
:10CB7000101A944641F00801E1EE101AFFF7FABDD1
:10CB800010F0004F14BF5FEAF1535FEA316338BF22
:10CB9000401CE4E7182903EB912318BF6FF0004114
:10CBA0000131F1EE101A41F00801E1EE101A11F412
:10CBB000400F18BF03F00040E2D168BF03F000400F
:10CBC00009D6400203F0004000F1010004BF12F05A
:10CBD000004F20F001004FF0804CFFF7CBBDF1EE8D
:10CBE000101A11F0807F1CBF00F00040704711F454
:10CBF000006F08BF704700F0004120F00040B0FA1D
:10CC000080F3A3F1080341F0C04100FA03F0A1EB67
:10CC1000C351084442F0005C00F059B80CF00F0317
:10CC2000092B08BF082000F064800A2B32D0082BA3
:10CC300018BF704708BF1CF0400F31D01CF4803F74
:10CC400023D11CF0200F11D11CF0100F0BBF024696
:10CC50000A466FF000406FF0004118BF4FF0FF3000
:10CC600012F0004F1CBFC043C94370471CF0100FA7
:10CC70000CBF02460A4612F0004F4FF0FF304FF053
:10CC8000FF311CBFC043C94370474FF000004FF055
:10CC9000000170471CF0400F18BF4FF00040704774
:10CCA0001CF0100F08D020F0704300F07F4242EAE1
:10CCB000D3014FEA4370704700F0604021F07F429B
:10CCC00042EA000201F07F4040EA727070472DE9AD
:10CCD00000502DE90050F4F727FABDE80050BDE8F8
:10CCE00000500CF00F0393F0090F18BF7047AFF31B
:10CCF00000801CF4801F24D01CF4E02F09D010F019
:10CD0000080F02D1D0F1020070476FEACC31490020
:10CD100070474FF0604111EA407028BF40F040502A
:10CD2000F1EE103A23F0704343EA0003E1EE103ACB
:10CD3000EFF3008222F0704242EA000282F30088A0
:10CD400070471CEA004018BF012070470CD1000852
:10CD5000916A000800000000000000008000000050
:10CD6000000000000000000020D10008E5170008C6
:10CD7000FEFF000000000000800000000000000036
:10CD80000000000018D100086D1C0008FEFF000024
:10CD90000000000080000000000000000000000013
:10CDA00000D10008F5530008FEFF0000000000005D
:10CDB000800000000000000000000000F4D0000827
:10CDC000118E0008FEFF000000000000800000003F
:10CDD00000000000000000000006101600061016FB
:10CDE000000000000000000001020304060708091B
:10CDF00000000000010203040000803F000000006A
:10CE00000000000000000000000000000000000022
:10CE1000000000000000803F000000000000000053
:10CE20000000000000000000000000000000000002
:10CE30000000803F00000000000000000000000033
:10CE40000000000000000000000000000000803F23
:10CE500000000000000000000000000000000000D2
:10CE600000000000000000000000803F0000000003
:10CE700000000000000000000000000000000000B2
:10CE8000000000000000803F0000803F0000000024
:10CE900000000000000000000000803F00000000D3
:10CEA00000000000000000000000803F00000000C3
:10CEB00000000000C3F51C4100000000000000005D
:10CEC0000000803F0000803F0000000000000000E4
:10CED000000000000000891112239B322446AD5748
:10CEE0003665BF74488CC19D5AAFD3BE6CCAE5DBB2
:10CEF0007EE9F7F88110080193331A22A5562C47D2
:10CF0000B7753E64C99C408DDBBF52AEEDDA64CB91
:10CF1000FFF976E802218B30100299132667AF766D
:10CF20003444BD554AADC3BC588ED19F6EEBE7FA71
:10CF30007CC8F5D983310A2091121803A7772E6691
:10CF4000B5543C45CBBD42ACD99E508FEFFB66EA51
:10CF5000FDD874C904428D5316619F702004A91531
:10CF60003227BB364CCEC5DF5EEDD7FC6888E19931
:10CF70007AABF3BA85520C4397711E60A114280551
:10CF8000B3373A26CDDE44CFDFFD56ECE998608911
:10CF9000FBBB72AA06638F7214409D512225AB34ED
:10CFA0003006B9174EEFC7FE5CCCD5DD6AA9E3B8F1
:10CFB000788AF19B87730E6295501C41A3352A2411
:10CFC000B1163807CFFF46EEDDDC54CDEBB962A8D1
:10CFD000F99A708B088481951AA793B62CC2A5D3B1
:10CFE0003EE1B7F04008C919522BDB3A644EED5FC1
:10CFF000766DFF7C899400859BB712A6ADD224C3C1
:10D00000BFF136E0C1184809D33B5A2AE55E6C4FA0
:10D01000F77D7E6C0AA583B4188691972EE3A7F25C
:10D020003CC0B5D14229CB38500AD91B666FEF7E80
:10D03000744CFD5D8BB502A499961087AFF326E280
:10D04000BDD034C1C3394A28D11A580BE77F6E6E60
:10D05000F55C7C4D0CC685D71EE597F42880A19120
:10D060003AA3B3B2444ACD5B5669DF78600CE91D40
:10D07000722FFB3E8DD604C79FF516E4A990208140
:10D08000BBB332A2C55A4C4BD7795E68E11C680D20
:10D09000F33F7A2E0EE787F61CC495D52AA1A3B0DC
:10D0A0003882B193466BCF7A5448DD59622DEB3C00
:10D0B000700EF91F8FF706E69DD414C5ABB122A000
:10D0C000B9923083C77B4E6AD5585C49E33D6A2CE0
:10D0D000F11E780F000000006E83F9A22915444E5E
:10D0E000D15727FCC0DD34F5999562DB4190433C74
:10D0F000AB6351FE5650435F736C6F76696E670089
:10D10000494D555F736C6F76696E67006465666143
:10D11000756C745461736B0047696D62616C0000DB
:10D1200063616E5F73656E645F6D6F746F72000034
:10D1300050D100080000002040030000C401000896
:10D1400064D200084003002028C600002002000826
:10D15000011832018210036524F41AAA014105491D
:10D16000DA0F494008081250C347CDCCCC3D040922
:10D17000531C110B1AC8421C615A2008C1800B7045
:10D18000173333EB3A58A08B3A157D04017C100F0E
:10D190000240AB034101055308065804070F160867
:10D1A00010810911160A15800B1605300C18010D97
:10D1B000021B01136D771B089D041AA9041AD104E0
:10D1C0001AFD041A4D041A79041704030904120104
:10D1D000140202021640830440571D020102034D4F
:10D1E000031A1A031359171B0855041A51041A7D00
:10D1F000041AC3044114810182130A0632022A4030
:10D20000901C0902434F111DC0320904A11A020BE0
:10D21000130524161001052401100901042402023B
:10D22000052406170107058203081C10090485322E
:10D230000A2E0705010240072A81071113C573143E
:10D240000835724C086B75641AC90C1381711B0880
:10D25000F704C11A49281A0D041A89041A01040195
:04D26000400000008A
:040000050800018965
:00000001FF
