:020000040800F2
:1000000080CC00203103000861600008B142000884
:10001000B55C00085D0C0008E188000800000000E5
:100020000000000000000000000000007102000855
:10003000CD0F000800000000CD0200087D6400081C
:100040004B0300084B0300084B0300084B03000858
:100050004B0300084B0300084B0300084B03000848
:100060004B0300084B0300084B0300084B03000838
:10007000050E00084B0300084B0300084B03000863
:100080004B0300084B0300084B030008790C0008E1
:10009000610C00086D0C00084B0300084B030008BE
:1000A0004B0300084B0300084B0300084B030008F8
:1000B000396500084B0300084B0300084B03000898
:1000C0004B0300084B0300084B0300084B030008D8
:1000D0004B030008B56C00084B030008C16C000816
:1000E0004B0300084B0300084B0300084B030008B8
:1000F0004B0300084B0300084B0300084B030008A8
:100100004B0300084B0300084B0300084B03000897
:100110004B0300084B0300084B0300084B03000887
:100120004B0300084B030008110E00084B030008A6
:100130004B0300084B0300084B0300084B03000867
:100140004B0300084B0300084B030008A96000089C
:100150004B0300081D0E0008290E00085D6D000805
:100160004B0300084B0300084B0300084B03000837
:100170004B0300084B0300084B030008000000007D
:100180004B0300084B03000800F002F800F060F891
:100190000AA090E8000C82448344AAF10107DA45E2
:1001A00001D100F055F8AFF2090EBAE80F0013F0D4
:1001B000010F18BFFB1A43F001031847FCC20000EF
:1001C0001CC300000A444FF0000C10F8013B13F070
:1001D000070408BF10F8014B1D1108BF10F8015BA0
:1001E000641E05D010F8016B641E01F8016BF9D193
:1001F00013F0080F1EBF10F8014BAD1C0C1B09D1EA
:100200006D1E58BF01F801CBFAD505E014F8016B5B
:1002100001F8016B6D1EF9D59142D6D370470000ED
:100220000023002400250026103A28BF78C1FBD8FF
:10023000520728BF30C148BF0B6070471FB50BF095
:100240003EFF9DE8030000F03FFA1FBD10B510BD52
:1002500000F0A6FA1146FFF7F1FF09F015FE00F0D5
:10026000C4FA03B4FFF7F2FF03BC00F0F5FA000094
:100270002C4B19680868B0E8F04F80F30988BFF389
:100280006F8F4FF0000080F311887047000000006E
:1002900008480068006880F308884FF0000080F389
:1002A000148862B661B6BFF34F8FBFF36F8F00DF64
:1002B00000BF00BF08ED00E0DFF80C00016841F46A
:1002C00070010160704700BF88ED00E0EFF3098026
:1002D000BFF36F8F134B1A681EF0100F08BF20ED8D
:1002E000108A20E9F04F106009B44FF0500080F3FD
:1002F0001188BFF34F8FBFF36F8F0AF02BFD4FF0C4
:10030000000080F3118809BC19680868B0E8F04F54
:100310001EF0100F08BFB0EC108A80F30988BFF3FD
:100320006F8F70472C000020EFF3058070470000AE
:100330000948804709480047FEE7FEE7FEE7FEE779
:10034000FEE7FEE7FEE7FEE7FEE7FEE704480549B5
:10035000054A064B7047000029650008890100081E
:10036000806C002080CC0020808C0020808C0020BD
:1003700070B5064600F08CF9056806F10B0020F018
:100380000704B4429CBF002070BD2B466A68BAB116
:100390001068A04210D304F1080188423CBF5068A5
:1003A000586007D35168101941601168091B01603A
:1003B00058601460101D70BD13465268002AE7D1C2
:1003C0002146284600F06CF90028DED170BD70B5DA
:1003D0000446051F00F05CF90068002C14BF446857
:1003E00070BD002C18BFAC423CBF20466468F8D3F7
:1003F00001680A18AA4218BF456003D12A68054659
:100400001144016028684119A1421CBF6C6070BD95
:100410006168696021680844286070BD53EA020C75
:1004200000F069802DE9F04B4FF00006002B1FBF54
:10043000B3FA83F503FA05F424FA05F65E4012BF19
:100440001643B2FA82F502FA05F4C5F120051EBF83
:1004500022FA05FC44EA0C04203556EA044C4FEA23
:10046000144418BF641C4FF000084FF0000990427C
:1004700071EB030C39D3002919BFB1FA81F701FAE6
:1004800007F6B0FA80F700FA07F6C7F120071EBF9B
:1004900020FA07FC46EA0C062037B6FBF4FCA7EB73
:1004A0000507103F07F01F0BCBF120060CFA0BFBE2
:1004B0002CFA06F644BFB3460026202FA4BF5E46A2
:1004C0004FF0000B5BEA060C08BF4FF0010B19EB75
:1004D0000B09ABFB027C48EB0608C01B06FB02CCF9
:1004E0000BFB03CC71EB0C01C1E70B460246414606
:1004F0004846BDE8F08B13B54FF000004FF0000107
:10050000AFF30080BDE81C407047032A40F2308002
:1005100010F0030C00F0158011F8013BBCF1020F44
:10052000624498BF11F801CB00F8013B38BF11F8C5
:10053000013BA2F1040298BF00F801CB38BF00F8DC
:10054000013B11F0030300F02580083AC0F0088059
:1005500051F8043B083A51F804CBA0E80810F5E73D
:10056000121D5CBF51F8043B40F8043BAFF3008020
:10057000D20724BF11F8013B11F801CB48BF11F895
:10058000012B24BF00F8013B00F801CB48BF00F865
:10059000012B704710B5203AC0F00B80B1E818501D
:1005A000203AA0E81850B1E81850A0E81850BFF45D
:1005B000F5AF5FEA027C24BFB1E81850A0E81850FC
:1005C00044BF18C918C0BDE810405FEA827C24BF50
:1005D00051F8043B40F8043B08BF7047D20728BFDE
:1005E00031F8023B48BF11F8012B28BF20F8023B2D
:1005F00048BF00F8012B70474FF000020429C0F0FB
:10060000128010F0030C00F01B80CCF1040CBCF144
:10061000020F18BF00F8012BA8BF20F8022BA1EB96
:100620000C0100F00DB85FEAC17C24BF00F8012B7B
:1006300000F8012B48BF00F8012B70474FF0000273
:1006400000B5134694469646203922BFA0E80C50C8
:10065000A0E80C50B1F12001BFF4F7AF090728BFA3
:10066000A0E80C5048BF0CC05DF804EB890028BF1F
:1006700040F8042B08BF704748BF20F8022B11F048
:10068000804F18BF00F8012B7047704770477047C4
:1006900000487047246C00207047704770477047CF
:1006A00038B504460A4600206946AFF300800028AA
:1006B00008BF38BD02460099204600F04FF80120DF
:1006C00038BD012000F064B8F8B5AFF300800546EE
:1006D00000200C46102000BF0646A819A0420DD9E4
:1006E000324669460020AFF30080070008BF00F0E3
:1006F0004FF80098A04218BF0546C419FFF7C8FF7D
:1007000005600746F01D20F007004619284600F056
:100710000AF8B44208BFF8BDA21B31463868BDE8EC
:10072000F84000F01BB800210160C0E901107047DB
:100730001020704710B500F00DF8006810BD10B51E
:10074000044600F007F8046010BD00000048704740
:100750001C6C0020004870471C6C00200346406859
:100760008C46002818BF88423CBF03464068F8D337
:1007700018681844884207D00CF1030020F00700E5
:10078000001D411A521A0146081D0A60FFF71FBEDC
:1007900010B500F039F8BDE8104000F02FB87047F0
:1007A0007546FFF7D3FFAE4605006946534620F075
:1007B0000700854618B020B5FFF7C8FDBDE820400A
:1007C0004FF000064FF000074FF000084FF0000B0D
:1007D00021F00701AC46ACE8C009ACE8C009ACE8C0
:1007E000C009ACE8C0098D46704710B50446AFF3A8
:1007F00000802046BDE81040FFF733BD002801D03F
:1008000000F02AB87047000010B5012805D000217B
:1008100003A000F027F8012010BD09A1F8E70000AF
:1008200053494752544D454D3A204F7574206F66D9
:100830002068656170206D656D6F72790000000041
:100840003A2048656170206D656D6F727920636F25
:10085000727275707465640001491820ABBEFEE7C2
:100860002600020070B505460C460A2000E06D1C0B
:1008700000F011F835B128780028F8D102E0641CA6
:1008800000F009F814B120780028F8D1BDE87040D4
:100890000A20AFF3008008B569468DF800000320F8
:1008A000ABBE08BD01221021014801F0CDBB000004
:1008B0000000024000221021014801F0C5BB0000E9
:1008C000000002407047000001221146014801F07B
:1008D000BBBB00000004024000220121014801F0DE
:1008E000B3BB000000040240704730B504464FF42B
:1008F0007A7502E0284600F004F8641EA4B2F9D22A
:1009000030BD70B54FF0E02500216C69A822AB69BD
:100910005043AA699A42FCD002D2A3EB020302E040
:10092000A4EB02063344194413468142F1D370BD4F
:1009300010B5FFF7C7FFFFF7D7FF08F00BFF04461E
:1009400008F08EFF40EA04010E489FED0D0A80ED8D
:10095000090A9FED0D0A80ED0A0A9FED0C0A80ED51
:100960000B0A9FED0B0A80ED0C0A9FED0A0A80ED41
:10097000080A9FED090A80ED060A084610BD00002E
:100980008756A2BA784B0020180D4B3B3FDDB43B95
:100990002E441E4112E37D3F000020427CB50446F8
:1009A000002000900190FFF785FF922000F0C8F82A
:1009B00006226946122000F0A5F8FFF773FF9DF8A4
:1009C00001009DF80010000200B2084300EE100A7A
:1009D0004B4DB8EEC00AD5ED010A60EE200A94ED49
:1009E000080A60EE800AC4ED000A9DF803009DF835
:1009F0000210000200B2084300EE900AB8EEE01ABE
:100A0000D5ED010A21EE201A21EE001A84ED011A1B
:100A10009DF805009DF80410000200B2084301EEA5
:100A2000100AB8EEC11A61EE200A20EE800A84EDA9
:100A3000020AFFF751FF08226946002000F062F821
:100A4000FFF742FF9DF800000F2834D19DF8030006
:100A50009DF80210000200B2084300EE100AD4ED27
:100A6000090AB8EEC01A95ED020A51EE000AC4ED6B
:100A7000030A9DF805009DF80410000200B2084327
:100A800000EE900A94ED0A1AF8EEE00A10EE801AD1
:100A900084ED041A9DF807009DF80610000200B2CC
:100AA000084300EE900A94ED0B1AF8EEE00A10EEFF
:100AB000801A84ED051AFFF7FDFEA22000F040F831
:100AC00002226946222000F01DF8FFF7EBFE9DF898
:100AD00000009DF80110C00040EA5110B0F5806F91
:100AE00001DBA0F5006000EE100AB4EE001AF8EE8B
:100AF000C00AB3EE070A00EE810A84ED070A7CBD46
:100B00008801002070B514460D4640F0800000F0CA
:100B100017F806E0552000F013F8641E05F8010BE5
:100B2000E4B2002CF6D170BD10B50C4640F0800048
:100B300000F006F8552000F003F8207010BD00000A
:100B400001B582B04FF47A700090012301AA02A986
:100B5000024802F07BFB9DF804000EBDBC0500209E
:100B600010B50C46FFF7ECFF2046BDE81040FFF73C
:100B7000E7BFB6EE002A92ED020AB0EE421AD2EDBD
:100B8000030A00EE401AD0ED001AD0ED013A00EE53
:100B9000E01A21EE213A92ED011AD2ED001A61EE2F
:100BA000002A41EEE02A61EE200A41EE800A02EEC0
:100BB000A33A90ED020AF0EE002A00EE803A23EE0E
:100BC000220A81ED000AD2ED010AD2ED021A92ED5D
:100BD000001A92ED030A20EEA13AD0ED003A90ED12
:100BE000014A01EE003A23EE233AF0EE423A40EE9B
:100BF000E03A40EE403A21EE800A01EE600A03EE50
:100C0000843AD0ED020A00EE203A23EE220A81ED6A
:100C1000010AD2ED010AD2ED031A92ED020A92ED19
:100C2000001A20EEA13A60EE211AD0ED003A00EE53
:100C3000E02A01EE403A41EE201A90ED011A00EE52
:100C4000402A23EE233A90ED020A01EE813A02EEA9
:100C5000003A23EE220A81ED020A7047FEE7000007
:100C6000014800F0F4BC000094050020014800F0A9
:100C7000EEBC000094050020014800F0E8BC000034
:100C80009405002038B50E4C40F2FF152560002574
:100C9000A560E560082525610A4C050A257060708D
:100CA000080AA070E170100A20716271180AA07120
:100CB000E3716B4622460249034800F05FFB38BDF2
:100CC000D44B0020C0010020940500200020704774
:100CD0000020704710B500220449054806F02AFAA2
:100CE0000449034806F019FA002010BD185D0020E1
:100CF0003C5000201855002010B578B171B10C6837
:100D000064B1182C00D91824014622460648FFF782
:100D1000FCFBA2B20549044807F09EFD044806F01A
:100D2000D5F9002010BD000024500020EA4F00201B
:100D30003C5000200A4610B50146044803F0F4F97F
:100D4000002801D04FF0FF3010BD0000A4060020A5
:100D500000207047124C134D00232069194600EE05
:100D6000100ABDEEC00A10EE100A02B2606800EE72
:100D7000100ABDEEC00A10EE100A00B2FFF782FFA3
:100D8000E06801EE100A206800EE900A288800EE64
:100D9000100A0548B8EE400A0AF00AF8DCE700003D
:100DA0006C4C0020844C00203407002090ED010A98
:100DB000D1ED020A91ED011A20EE200AD0ED020ACF
:100DC00000EEC10A82ED000A90ED020AD1ED000AA0
:100DD00091ED021A20EE200AD0ED000A00EEC10AC1
:100DE00082ED010A90ED000AD1ED010A91ED001AA1
:100DF00020EE200AD0ED010A00EEC10A82ED020ABF
:100E000070470000014800F0B3BE00003C0800201D
:100E1000014800F0ADBE00007C070020014800F052
:100E2000A7BE00009C080020014800F0A1BE000001
:100E3000DC07002001681823CAB2103AB2FBF3F2B3
:100E4000054B6FF30901032A9B5CC36500D9091D9B
:100E5000816508467047000060C1000810B5014672
:100E600000208B698A6A4FF0C07453B1B3F5005FFC
:100E700015D072B1012A0CD0022A0AD0032A09D156
:100E800004E01AB1012A06D0022A03D1C96AC901B5
:100E900000D5012010BDC96AA142FAD010BD002AB8
:100EA000F7D0012AF2D0022AF3D0032AF3D010BDE2
:100EB00030B50468256825F48025256004686360E2
:100EC0008368402B036803D099600068C26030BD1E
:100ED0009A600068C16030BD0A4808B501780029F1
:100EE0000ED101210170084949680091426991427F
:100EF00002D20169491C0161009941610021017020
:100F000008BD000000030020001000E00A4841680E
:100F10000A4AD2ED010A4268521AF8EE601A01EE4E
:100F2000102AB8EE411A60EE211AB4EEE11AF1EE81
:100F300010FAF0D370470000001000E0000300201A
:100F400000B50E492DED028B81B049680091016812
:100F5000009A511A00EE101A0949F8EE400A91ED74
:100F6000010A0260B8EE400A80EE808AFFF7B4FF03
:100F700001B0B0EE480ABDEC028B00BD001000E0ED
:100F8000000300200D490A6842F080720A600C4993
:100F900000224A600B6843F001030B6009494FF4DB
:100FA0007A734843B0FBF3F30749C1E90103054BEA
:100FB000B0FBF3F0C1E90302FFF78EBFFCED00E0E8
:100FC000001000E040420F0000030020704790ED49
:100FD000000AD1ED000A91ED011A20EE200AD0EDB1
:100FE000010A00EE810AD0ED020A91ED021A00EE2C
:100FF000810A704770B505462DED028B8AB000203E
:101000003B490690079008900EC90590CDE9023043
:10101000CDE90012374E9FED388A049004463548DA
:10102000FFF7BCFCDDED060A96ED001AB0EE480AAB
:1010300070EE810ACDED060ADDED070A96ED011A84
:1010400070EE810ACDED070ADDED080A96ED021A71
:1010500070EE810ACDED080AFFF758FF641CE4B278
:10106000642CDCD300219FED250A06AA02EB810047
:10107000491CD0ED000AC9B2032980EE801A80ED28
:10108000001AF3D3104604F0ECFF694606A8FFF7F8
:101090009EFF07F0DBFCB0EE408A03AA694606A873
:1010A000FFF784FE03A804F0DCFFB6EE000A28EE8A
:1010B000008AB0EE480A07F041FF85ED000A0024DF
:1010C00003AEB0EE480A07F0E1FF06EB8400D0ED76
:1010D000000A05EB8400641C20EE200AE4B2022C16
:1010E00080ED010AEDD30AB0BDEC028B70BD0000AB
:1010F00040C20008784B00206F12833A0000C842BB
:10110000B6EE002A92ED020AB0EE421AD2ED030AC0
:1011100000EE401AD0ED001AD0ED013A00EEE01AD0
:1011200021EE213A92ED011AD2ED001A61EE002A69
:1011300041EEA02A61EE200A41EEC00A02EEA33A77
:1011400090ED020AF0EE002A00EE803A23EE220A29
:1011500081ED000AD2ED010AD2ED021A92ED001AD9
:1011600092ED030A20EEA13AD0ED003A90ED014A4B
:1011700001EE403A23EE233AF0EE423A40EEE03AF6
:1011800040EE403A21EE800A01EE200A03EE843A56
:10119000D0ED020A00EE203A23EE220A81ED010A88
:1011A000D2ED010AD2ED031A92ED020A92ED001A75
:1011B00020EEA13A60EE211AD0ED003A00EEE02ACE
:1011C00001EE003A41EE601A90ED011A00EE402A5D
:1011D00023EE233A90ED020A01EE813A02EE003A44
:1011E00023EE220A81ED020A704772B6FEE7000084
:1011F00010B558B1084C491E0BD310F8013B5340B1
:10120000DBB234F8133083EA1222F4E74FF6FF70B2
:1012100010BD104610BD00005CC200082DED088B0B
:1012200000274FF48078012241463F4EDFF8FC90C2
:101230003760484600F008FF03220021012009F032
:101240005BFE3B490861C92009F0A8FC384C394DC8
:10125000143437713068E0B1D5F802002060D5F859
:1012600006006060304808F03DFC31493379221DAA
:1012700014312D4808F0BEFC2D49221D14312A4896
:1012800008F076FD284804F023FD012009F086FCD3
:10129000DFE755F8020F0AF0A1FE9FED278B9FEDC7
:1012A000289B9FED29AB9FED2ABB41EC100BB0EEC4
:1012B000484AF0EE684AB0EE493AF0EE693AB0EECC
:1012C0004A2AF0EE6A2AB0EE4B1AF0EE6B1A08F0DA
:1012D00025FE51EC100B0AF067FA206068680AF0EE
:1012E0007DFE41EC100BB0EE484AF0EE684AB0EEDD
:1012F000493AF0EE693AB0EE4A2AF0EE6A2AB0EEC8
:101300004B1AF0EE6B1A08F009FE51EC100B0AF0C4
:101310004BFA606045F8047B012245F806794146A6
:10132000484600F091FE9DE7984C002000080240DE
:10133000F0010020EA4F002000000000008066401D
:1013400000000000008066C000000040FB21094052
:1013500000000040FB2109C090F82020012A07D09E
:10136000022A05D0416A41F4802141620120704780
:10137000006842690A43426100207047F0B590F866
:1013800020500468A468012D05D0022D03D0416AC5
:1013900041F4802157E014F0406F01D1E5004FD5B2
:1013A000C4F301640125A5401D608B684FF4C0752E
:1013B0009BB1CE6833434E6843EAC603066805EB2B
:1013C0000417F3514FF4C273076803EB04130E695B
:1013D000FE50097D012905D009E00E88CB6843EA5B
:1013E0004653EBE70168CE5846F48076CE5011792B
:1013F000D379567941EA036193791B0443EA0623C2
:1014000019434FF4C676036806EB04169951117818
:10141000D37841EA0361937852781B0443EA0222AD
:1014200011434FF4C473026803EB0413D1500068F6
:1014300005EB0411425842F0010242500020F0BD79
:10144000416A41F4001141620120F0BD10B590F8ED
:101450002020012A07D0022A05D0416A41F48021C8
:101460004162012010BD3B48D0F8002242F0010249
:10147000C0F80022D0F8002222F47C52C0F80022EA
:10148000D0F800224B6A42EA0322C0F800220A7D0B
:1014900002F01F0301229A40D0F81C329343C0F897
:1014A0001C32CB69B3B9D0F80C329343C0F80C327C
:1014B0008C894B6864F31F434C6900EBC404C4F887
:1014C00040320C890B6864F31F434C6900EBC40481
:1014D000C4F84432CB69012B16D1D0F80C32134337
:1014E000C0F80C320C884B6864F31F434C6900EB66
:1014F000C404C4F840320C89CB6864F31F434C69C0
:1015000000EBC404C4F844328B69002BD0F80432D9
:101510000ED01343C0F804320B69002BD0F81432FC
:1015200008D01343C0F81432096A012904D008E036
:101530009343EFE79343F5E7D0F81C121143C0F84B
:101540001C12D0F8001221F00101C0F80012002096
:1015500010BD000000640040704770B590F8204056
:10156000012C05D0022C03D0416A41F4802128E0EF
:10157000046809B32469A40720D04FF4D87405681F
:1015800004EB01142D5915F00405956005682D59DB
:101590001AD0ED08556005682C5904F00204D46097
:1015A0004FF4DA74056804EB01142E5906F00F06A7
:1015B000082E0CD308250DE0E468DCE7416A41F40D
:1015C00000114162012070BD6D0D1560E3E72D59DA
:1015D00005F00F05156105682D59C5F307259561BF
:1015E00005682C59240C54614FF4DC72046802EB3A
:1015F0000112A4581C700468A458240A5C70046882
:10160000A458240C9C700468A258120EDA704FF48F
:10161000DE72046802EB0112A4581C710468A4581D
:10162000240A5C710468A458240C9C710468A258B4
:10163000120EDA71006829B1016941F020010161DF
:10164000002070BDC16841F02001C160F8E72DE9BC
:10165000F05F0546006800244669D0F8049087686A
:10166000D0F80CB0D0F810A0D0F81880F10748D00E
:10167000F90714D001218160B80703D5284600F08E
:1016800016FA0CE0780702D54FF4006407E038073B
:1016900002D54FF4805402E0284600F007FAF8051E
:1016A00016D529684FF480708860B80503D52846A0
:1016B00000F0FFF90CE0780502D544F4005407E08F
:1016C000380502D544F4804402E0284600F0F0F9E1
:1016D000F80316D529684FF480308860B80303D525
:1016E000284600F0E8F90CE0780302D544F4004401
:1016F00007E0380302D544F4803402E0284600F0C5
:10170000D9F9300707D55FEACB6004D529681020E6
:1017100044F40074C86070074FF0080707D55FEA0B
:101720000B7004D52868C760284600F067F9B00739
:1017300006D52868C068800702D0284600F060F906
:10174000700607D55FEACA6004D52968102044F402
:1017500080640861B00607D55FEA0A7004D528687E
:101760000761284600F074F9F00606D5286800697C
:10177000800702D0284600F06CF9B00308D55FEA74
:10178000C96005D5296810204860284600F062F934
:10179000F00307D55FEA097004D52868476028463A
:1017A00000F08AF9300446D55FEA497040D5F0056B
:1017B00004D55FEAC87001D044F00104B00504D537
:1017C0005FEA887001D544F00204700504D55FEA31
:1017D000487001D544F00404300529D518F0700F85
:1017E00026D008F07000402815D006DC102809D05B
:1017F00020280AD0302816D10AE050280ED06028C0
:1018000011D10EE044F008040DE044F010040AE0A9
:1018100044F0200407E044F0400404E044F0800475
:1018200001E044F480742868816921F070018161CD
:10183000296804204860002C05D0686A204368624B
:101840002846FFF789FEBDE8F09F70B5040003D07D
:1018500094F8200010B104E0012070BD204600F093
:1018600081F82068016841F00101016000F0F2FB9D
:101870000546052604E000F0EDFB401B0A2811D8C0
:1018800020684068C007F6D02068016821F0020196
:10189000016000F0DFFB05460BE000F0DBFB401BC6
:1018A0000A2806D9606A40F40030606284F820603B
:1018B000D2E7206840688007EFD4207E01282068A6
:1018C00001683DD021F080010160607E0128206820
:1018D000016838D021F040010160A07E0128206815
:1018E000016833D021F020010160E07E01282068EA
:1018F00001682ED041F010010160207F012820688E
:10190000016829D021F008010160607F012820686A
:10191000016824D021F004010160D4E902010843E8
:10192000D4E90412114308436168491E0843216841
:10193000C86100206062012084F82000002070BD92
:1019400041F08001C0E741F04001C5E741F02001CE
:10195000CAE721F01001CFE741F00801D4E741F0D8
:101960000401D9E710B586B0044614216846FEF795
:1019700065FE1F492068884237D11E480021026851
:1019800042F000720260006800F000700590194893
:101990001038026842F0080202600068022200F07B
:1019A000080005900320CDE90210CDE900020920CE
:1019B00004906946104800F05FFA002205211320C8
:1019C00000F0BAFB132000F0A9FB0022062114202E
:1019D00000F0B2FB142000F0A1FB0022052115202D
:1019E00000F0AAFB152000F099FB06B010BD000026
:1019F0000064004040380240000C02407047000084
:101A000010B500680D49884217D10D4B0D4A0021D1
:101A10000D48FFF7A2FD0B480068A0F500700538DF
:101A200007D0022809D106490848BDE8104007F050
:101A3000ADBF064802490A38F7E710BD0064004010
:101A4000D0010020B84B0020940500208E4C0020CF
:101A500070477047704770B5044690F82000012821
:101A600004D0606A40F40020606217E0022084F82D
:101A700020002068016821F00101016000F0EAFA0D
:101A800005460DE000F0E6FA401B0A2808D9606A16
:101A900040F400306062052084F82000012070BD11
:101AA00020684068C007EDD1606270BD7047704724
:101AB000704770477047704770472DE9F041044602
:101AC000876D00F0C7FA054694F835000026022815
:101AD00006D08020606584F834600120BDE8F08184
:101AE0002068016821F0160101602068416921F039
:101AF00080014161206C08B9A06C20B120680168A8
:101B000021F0080101602068016821F001010160F5
:101B10000CE000F09FFA401B052807D920206065E3
:101B2000032084F8350084F83460D7E72068006823
:101B3000C007EED194F85C103F208840B8600120C7
:101B400084F8350084F834600020C7E790F8351039
:101B5000022903D08021416501207047052180F8CA
:101B600035100068016821F0010101600020704714
:101B70002DE9F84304464FF00009CDF80090634882
:101B80004FF41651A56D0068B0FBF1F72E6894F87C
:101B90005C20082101FA02F030420FD02068026870
:101BA00052070BD5026822F00402026094F85C0030
:101BB0008140A960606D40F00100606594F85C10A0
:101BC0004FF0010808FA01F0304208D02168496955
:101BD000090604D5A860606D40F00200606594F8C5
:101BE0005C1004208840304208D0216809688907C9
:101BF00004D5A860606D40F00400606594F85C1046
:101C000010208840304218D021680968090714D58F
:101C1000A86020680168490304D50068000308D55E
:101C2000A16C07E00168C90503D4016821F008012F
:101C30000160216C09B12046884794F85C1020208F
:101C40008840304231D021680968C9062DD5A86086
:101C500094F8350005282068016806D0490347D567
:101C6000006800031DD4616C1CE021F016010160C6
:101C70002068416921F080014161206C08B9A06CA5
:101C800020B12068016821F00801016094F85C101F
:101C90003F208840A86084F8358084F83490216D16
:101CA0001FE0E16B09B120468847606D00282BD00A
:101CB000606DC00714D0052084F8350020680168E5
:101CC00021F0010101600098401C0090B84203D847
:101CD00020680068C007F6D184F8358084F8349015
:101CE000E16C002910D001B02046BDE8F043084760
:101CF0000168C905D5D4016821F01001016084F89C
:101D0000358084F83490CCE7BDE8F88324000020C7
:101D10002DE9F041044600F09DF905465CB1022032
:101D200084F83500002684F834602068016821F0CA
:101D3000010101600DE00120BDE8F08100F08AF9A9
:101D4000401B052805D920206065032084F8350054
:101D5000F2E720680068C007F0D121680A682048CF
:101D60000240D4E901031843D4E903352B43184357
:101D700063691843A3691843E3691843236A184346
:101D80001043626A042A03D1D4E90B231A43104397
:101D9000086020684069656A20F0070128460D4305
:101DA000012704280CD1A06A0543E06A40B120460F
:101DB000FFF754F820B14020606584F83570BAE729
:101DC000206845612046FFF735F894F85C203F21F4
:101DD00091408160666584F835700020ACE70000B2
:101DE0003F8010F02DE9F0410446866D90F83400F4
:101DF000002501280DD0012084F8340094F83570B6
:101E00000020012F07D084F8340002252846BDE8C1
:101E1000F0810220FBE7022784F8357060652046D8
:101E2000FFF746F894F85C103F208840B0602068C7
:101E3000016841F016010160206C20B12068016842
:101E400041F0080101602068016841F00101016072
:101E5000DCE7000070B5044600F0FCF80546601CA5
:101E600002D004480078044400F0F4F8401BA0427B
:101E7000FAD370BD180000202DE9F84FDFF89C91CF
:101E80000022A9F1040B03274FF00F0C09F1040AFB
:101E9000ABF1040E01250B6895402B40AB426ED18F
:101EA0000C7904F00304012C01D0022C15D18668B2
:101EB000540007FA04F826EA0806D1F80C8008FA5C
:101EC00004F848EA0608C0F808804468AC430D7975
:101ED000C5F300159540254345600C79E443A407FC
:101EE00008D0C568540007FA04F6B5438E68A640CA
:101EF0002E43C6600C7904F00304022C11D1D408DF
:101F000000EB8406356A5407E40E0CFA04F825EA5F
:101F10000805D1F8108008FA04F848EA0508C6F860
:101F200020800568540007FA04F6B5430E7906F0E0
:101F30000306A6402E4306604C6814F4403F66D06A
:101F4000374C256845F480452560246822F0030558
:101F500004F480440094334C05EB0408D8F8085886
:101F60009407260F0CFA06F4A5432F4CA04201D18A
:101F7000002424E02D4CA04202D101241FE046E0C1
:101F80002B4CA04201D1022419E02A4CA04201D1DD
:101F9000032414E0284CA04201D104240FE0274C74
:101FA000A04201D105240AE0254CA04201D106241B
:101FB00005E0244CA04201D1072400E00824B440ED
:101FC0002C43C8F80848D9F800404D464E689C4359
:101FD000F60200D51C432C60DAF8004055464E68E6
:101FE0009C43B60200D51C432C60DBF800405D46E4
:101FF0004E689C43B60300D51C432C60DEF80040BD
:1020000075464E689C43F60300D51C432C60521C59
:10201000102AFFF43FAFBDE8F88F0000083C0140F4
:1020200044380240003001400000024000040240F9
:1020300000080240000C0240001002400014024060
:1020400000180240001C02400AB181617047090477
:10205000FBE700000148806870470000180000207E
:10206000024881680278114481607047180000209E
:102070000B4810B5016841F400710160016841F43A
:1020800080610160016841F480710160032000F00B
:1020900073F80F2000F006F800F024F8002010BDBF
:1020A000003C024070B50D4D04464FF47A7128781B
:1020B000B1FBF0F00A490968B1FBF0F001F0B9F9A1
:1020C00048B9102C07D200222146501E00F034F8E7
:1020D00000206C6070BD012070BD00001800002061
:1020E000240000200C4882B0016841F48041016066
:1020F000006800F4804000900748001F016841F02C
:10210000805101600068002200F0805000900F2193
:10211000901E02B000F010B844380240002809DBDD
:1021200000F01F02012191404009800000F1E020F1
:10213000C0F8001170470000F0B40E4B1B68C3F3E9
:102140000223C3F10704042C00D904241D1D072D0C
:1021500001D2002300E0DB1E012606FA04F56D1E05
:102160000D409D409E40761E164045EA0601F0BC9B
:1021700006F05BBC0CED00E0064A00F007011068B9
:102180004FF6FF03184040EA01200349084310605E
:10219000704700000CED00E00000FA057047006891
:1021A000416200207047F0B50368586A39B19C6AF3
:1021B0004FF4827500EB144400204E1E0AE040EA02
:1021C000024098620FE005EB8007DF59401C04EBEA
:1021D0001744C0B2B042F6D344EA02404FF48072D2
:1021E00002EB810158500020F0BDD0F8E00405F06A
:1021F0008CBA01EBC10200EB8202D0F8E004126A53
:1022000005F0DDB901EBC10200EB8202D0F8E00479
:10221000D2F8602205F02FBAD0F8E00405F077BAC2
:102220000A0601F00F0101EBC10100EB810101D5AC
:10223000143101E001F51571006806F05BB970B565
:1022400004460B0601F00F0000EBC00104EB810116
:102250004FF001024FF0000502D54A75143103E03A
:1022600081F8555201F51571087094F8940401280D
:1022700008D084F89424206805F05AFE84F8945419
:10228000002070BD022070BD70B5044601F00F0043
:102290002279904201D9012070BD0B0601F00F0197
:1022A00001EBC10104EB81014FF001024FF0000589
:1022B00002D54A75143103E081F8555201F51571C4
:1022C0008D70087094F89404012808D084F8942440
:1022D000206805F09BFF84F89454002070BD022014
:1022E00070BD01F00F0101EBC10100EB8100D0F8DE
:1022F000680270472DE9F04104460F0601F00F0017
:1023000000EBC00104EB81014FF001064FF0000526
:1023100002D54E75143103E081F8555201F515715F
:10232000C2F30A0208708A600B714A7802B14883CE
:10233000022B00D14D7194F89404012809D084F83F
:102340009464206805F042FD284684F89454BDE862
:10235000F0810220FBE710B501F00F0404EBC4018B
:1023600000EB8101C1E998230023C1F8683281F8AC
:10237000553281F85442837901F51571012B00D152
:10238000CA618279006805F099FF002010BD70B520
:1023900004460D4601F00F002179884201D9012041
:1023A00070BD29064FF000064FF0010206D500EB84
:1023B000C00104EB81014A75143107E005EBC5014A
:1023C00004EB810181F8556201F515718A7008707E
:1023D00094F89404012807D084F89424206805F028
:1023E00041FF280702D007E0022070BDA17904F266
:1023F0009C42206805F0DEFE84F89464002070BDE5
:1024000010B501F00F0404EBC40100EB8101C1E938
:10241000082300238B6201234B7501F8144F837945
:10242000012B00D1CA618279006805F047FF0020C6
:1024300010BD00002DE9F84F05680446284606F057
:10244000F4F800287DD1206806F01BF9002878D028
:10245000D5F80808C0F30D20C4F8D404206806F0AD
:1024600010F9800704D52068416901F0020141613B
:10247000206806F006F9C10604F29C40009034D5AD
:102480002068816921F0100181612F6A07F00F0037
:1024900000EBC00004EB8006C7F3434006F5157659
:1024A000022802D0062811D01AE047F6F070074241
:1024B00016D0C7F30A1217462846F16806F0E5F869
:1024C000F0683844F0607069384408E00822284613
:1024D000009906F0DAF87069C7F30A1108447061D0
:1024E0002068816941F010018161206806F0C9F817
:1024F00000034FF0010B7AD50026206806F0A0F803
:102500008046DFF878A46FE05FEAC87069D0F1B266
:10251000206806F0AEF80746C00707D005EB461165
:10252000C1F808BB3146204603F0C4FD380722D568
:1025300005EB46110820C1F8080B2068D0F8409040
:1025400000E018E200EB4610D0F8082BD14505D981
:10255000110403D54FF40041C0F8081B204600F0D9
:10256000F0FAD14507D9A079012804D120680121CA
:10257000009A05F01FFEF80604D505EB4611102061
:10258000C1F8080BB8071DD56869000605D5D5F850
:10259000040840F48061C5F8041806EBC60004EB9B
:1025A000800090F8571200F51570012905D100211F
:1025B000C170F1B2204600F0E7F905EB46110220A8
:1025C000C1F8080BB80604D505EB46102021C0F869
:1025D000081BB80405D505EB46104FF40051C0F8B0
:1025E000081B4FEA5808761CB8F1000F8CD1206800
:1025F00006F047F840036DD5206806F01AF88046CB
:10260000002664E05FEAC8705ED0F1B2206806F090
:102610001EF80746C00723D006F00F010BFA01F0A1
:10262000D5F834188143C5F8341805EB4610C0F8C6
:1026300008B9A07901280FD106EBC60004EB800091
:10264000D0E907211144016236B9606A20B92068D7
:102650000121009A05F0AEFDF1B22046FFF7C9FD59
:10266000380704D505EB46110820C1F80809F8061B
:1026700004D505EB46111020C1F80809780604D5E9
:1026800005EB46104021C0F80819B80716D53146A9
:10269000284605F09FFF06EBC60004EB8000C17DD5
:1026A0001430012905D10021C170F1B2204600F09B
:1026B00067F905EB46110220C1F80809380603D571
:1026C0003146204603F05CFD4FEA5808761CB8F10D
:1026D000000F97D1206805F0D4FF002811DAD5F853
:1026E000040820F00101C5F8041894F8CC0401286E
:1026F0002BD0204600F00AFA2068416901F0004121
:102700004161206805F0BDFF00050BD5D5F808082C
:10271000C00702D0204600F03DFA2068416901F46C
:1027200000614161206805F0ACFFC00467D5D5F8B1
:10273000040820F00101C5F804181021206805F0F4
:1027400049FF00214FF67F3220E0002084F8CC04BE
:1027500001462046FFF722FDCEE705EB4110C0F809
:102760000829D0F8003923F40013C0F80039C0F864
:10277000082BD0F8003B23F40013C0F8003BD0F83E
:10278000003B43F00063C0F8003B491C20798842BD
:10279000E3D8D5F81C0840F00111C5F81C18E07BFF
:1027A000002828460DD0D0F8840840F00B01C5F869
:1027B0008418D5F8440840F00B012846C5F84418A1
:1027C0000DE0D0F8140842F22B010843C5F81408B4
:1027D000D5F8100840F00B012846C5F81018D0F8BD
:1027E000000820F4FE61C5F80018A1792068009A5D
:1027F00005F0E0FC2068416901F4805141612068E6
:1028000005F03FFF800415D5206805F01FFB206808
:1028100005F0FEFEE07100F06FFA0146E2792068F3
:1028200005F092FF204600F05BF92068416901F451
:1028300000514161206805F024FF000707D52046BC
:1028400000F068F92068416901F0080141612068E1
:1028500005F017FF000615D5A86920F08001A961D1
:1028600001260CE006EBC60004EB800090F857024E
:10287000012803D1F1B22046FFF7D2FC761C207963
:10288000B042EFD8206805F0FCFEC0021FD501263B
:102890005F4614E005EB4610D0F8001906EBC600C1
:1028A00004EB8000027E012A08D1002906DAC775F0
:1028B000F0B240F080012046FFF7B2FC761C207990
:1028C000B042E7D82068416901F480114161206875
:1028D00005F0D7FE800231D501205B4626E005EBEE
:1028E0004011D1F8001B00EBC00204EB820292F809
:1028F0005862012E19D1002917DA94F8D464C1F373
:10290000004106F001068E420FD182F85732A969C4
:1029100041F08002AA616969090606D4D5F8040865
:1029200040F40070C5F8040803E0401C217981429E
:10293000D5D82068416901F400114161206805F093
:10294000A0FE400007D52046FFF74FFC20684169F4
:1029500001F080414161206805F093FE40070AD5EF
:1029600020684568680702D52046FFF755FC2068B7
:10297000416829434160BDE8F88F00000A30544F98
:10298000D0F8E00404F015BFD0F8E00404F025BF4F
:10299000F8B5040005D094F895042668002510B118
:1029A00006E00120F8BD84F89454204600F056F863
:1029B000032084F89504B6F1A04F00D1A5712068DA
:1029C00005F0F2FB207C8DF8000094E80F0005F084
:1029D0004BFA0226B0BB0021206805F075FE88BBCB
:1029E000002101270CE001EBC10004EB80004775DA
:1029F0000175C1850576C5610562491CC9B245628C
:102A000020798842EFD8002111E001EBC10004EBEE
:102A1000800080F8555280F8541280F85852C0F85F
:102A20005C52C0F86052491CC9B2C0F864522079A7
:102A30008842EAD8207C8DF8000094E80F0005F069
:102A4000FBFA10B184F89564ABE7657484F895746B
:102A5000206805F0E3FA0020F8BD000010B586B04C
:102A6000044614216846FDF7E9FD2068B0F1A04F47
:102A70002FD119480021026842F00102026000686B
:102A800000F0010005904FF4C05000900220CDE905
:102A90000101032003900A20049069460F48FFF7C4
:102AA000EBF90D48001D016841F0800101600A4802
:102AB0001430016841F4804101600068002200F494
:102AC0008040059005214320FFF736FB4320FFF7A8
:102AD00025FB06B010BD0000303802400000024067
:102AE00070B50446C079012570B1022801D0FEF707
:102AF0007CFB2946D4F8E00404F0DEFED4F8E004C0
:102B0000BDE8704004F092BE0025F2E7D0F8E00482
:102B100004F0BBBED0F8E00404F0C1BE10B504461A
:102B200090F8940401280AD0012084F89404617478
:102B3000206805F0F7FD002084F8940410BD022001
:102B400010BDD0F8E02400F29C41104604F0C0BE55
:102B500010B50446006894F89414012909D00121A5
:102B600084F89414C168490609D5617B012902D013
:102B700005E0022010BD816B41F480318163206843
:102B800005F006FD206805F03BFA002084F8940467
:102B900010BD000010B50446D0F8E00404F0DAFEE1
:102BA0002068D0F8001E41F00101C0F8001EE07A54
:102BB000002804D00248016841F00601016010BD00
:102BC00010ED00E02DE9F0470D46040065D0DFF878
:102BD0001491D9F80000EFB200F00700A84207D224
:102BE00089F80070D9F8000000F00700A84254D11D
:102BF00020683D4E810712D5400703D5306840F468
:102C0000E05030602078000703D5306840F4604021
:102C100030603068A16820F0F00008433060207810
:102C2000C0072DD0304960680839012812D0022829
:102C300013D0032811D00968890700292DDA3168DB
:102C400021F0030101433160FFF704FA804641F2AD
:102C5000883A0EE009688903EFE709688901ECE723
:102C6000FFF7F8F9A0EB0801514502D90320BDE8B0
:102C7000F0873068616800F00C00B0EB810FEFD195
:102C8000D9F80010484601F00701A94207D907709A
:102C9000006800F00700A84201D00120E7E7207893
:102CA000400705D53068E16820F4E0500843306003
:102CB0002078000706D53068216920F4604040EA9A
:102CC000C100306000F03EF83168084AC1F30311DA
:102CD000515CC8400649086006480068FFF7E2F901
:102CE0000020C4E7003C02400838024068C10008E8
:102CF000240000201C0000200148006870470000EC
:102D0000240000200448054900680968044AC1F30A
:102D10008221515CC84070472400002008380240DE
:102D200078C100080448054900680968044AC1F3ED
:102D30004231515CC84070472400002008380240EE
:102D400078C10008154810B5006810F00C0114484F
:102D500013D0144B04290FD008290ED10F4C241F77
:102D6000216801F03F022168490207D52068C0F3BD
:102D70008810A0FB030106E0184610BD2168C1F3CE
:102D80008811A1FB00010023FDF748FB2168C1F376
:102D90000141491C4900B0FBF1F010BD0838024068
:102DA0000024F400001BB7002DE9F84F040075D093
:102DB0002078DFF838A3C007AAF1040548D00AF14B
:102DC00004000168C1F38101012908D00068C0F343
:102DD000810002280AD1DAF80000400206D52868EE
:102DE000800335D560680028E1D031E06068B0F537
:102DF000803F10D0B0F5A02F286810D020F480308C
:102E00002860286820F4802028606068A0B1FFF75F
:102E100021F906460CE0286840F48030F4E740F4DD
:102E200080202860F7E7FFF715F9801B642871D828
:102E300028688003F7D50BE0FFF70CF9064604E09D
:102E4000FFF708F9801B6428F1D828688003F7D4BD
:102E50002078DFF89C9280074FF0000B3DD5A34807
:102E6000001D016811F00C0F08D00068C0F381004C
:102E700002280AD1DAF80000400206D42868800748
:102E800015D5E068012809D111E0E068B8B101204A
:102E9000C9F80000FFF7DEF8064605E022E1FFF77B
:102EA000D9F8801B0228C2D828688007F7D528687F
:102EB000216920F0F80040EAC10028600DE0C9F85F
:102EC00000B0FFF7C7F8064604E0FFF7C3F8801B21
:102ED00002281FD828688007F7D42078000722D559
:102EE000824F84486169703771B101210160FFF739
:102EF000B1F8064604E0FFF7ADF8801B022809D8B8
:102F000038688007F7D50EE0C0F800B0FFF7A2F8E8
:102F1000064605E082E0FFF79DF8801B02287DD879
:102F200038688007F7D42078400765D56F484FF0A0
:102F300000083C300068C0000BD46C483C3001688D
:102F400041F08051016000684FF0010800F08050AE
:102F50000090694F3868C0050FD4386840F480701D
:102F60003860FFF777F8064604E0FFF773F8801B38
:102F7000022853D83868C005F7D55C4FA0686C3775
:102F800001280FD00528386810D020F001003860E3
:102F9000386820F004003860A068B0B1FFF75AF834
:102FA00006460EE0386840F00100F4E740F0040007
:102FB0003860F7E7FFF74EF8811B41F28830814215
:102FC00063D838688007F5D50DE0FFF743F806466B
:102FD00006E0FFF73FF8811B41F28830814254D868
:102FE00038688007F5D4B8F1000F05D03F483C3071
:102FF000016821F080510160A069B8B33B49091D07
:103000000968C1F38101022946D00228584606D03A
:10301000C9F86000FFF71EF8044639E035E04F4676
:10302000C9F86000FFF716F8064604E0FFF712F84B
:10303000801B022829D828688001F7D4D4E9070129
:103040000843A16A2D4A490802EB0141626A41EA3C
:103050008211084394F82C1040EA0161CAF800106C
:1030600001203866FEF7F6FF044605E03CE0FEF777
:10307000F1FF001B022808D828688001F7D533E04B
:10308000FEF7E8FF001B022802D90320BDE8F88FF5
:1030900028688001F4D427E00128F7D0DAF800008E
:1030A000E26900F4800191421CD1226A00F03F01E4
:1030B000914217D147F6C071626A0140B1EB821F9D
:1030C00010D1A26A4FF0FF3300F4403103EB5202FB
:1030D000B1EB024F06D194F82C1000F07060B0EB09
:1030E000016F01D00120D1E70020CFE70438024072
:1030F00000004742800E4742007000400000FFFF82
:1031000070B5040009D0606A002540B12561656191
:10311000A56294F8510040B10CE0012070BD6068D8
:10312000B0F5827FF4D0E561F2E784F85050204694
:1031300000F044F8022084F851002068016821F072
:1031400040010160A088218900F4827001F40441EB
:103150000843A18901F400610843217C01F00201C8
:103160000843217D01F001010843218B01F4007126
:103170000843217F01F03801084394F8201001F042
:1031800080010843218D01F4005108432168086043
:10319000A069042101EA104094F8241001F0100104
:1031A0000843216848602068C16921F40061C16159
:1031B0006565012084F85100002070BDF0B587B02E
:1031C000044614216846FDF739FA1C4920688842F4
:1031D00032D11B480025016841F48051016000682C
:1031E00000F48050059016481438016841F002013F
:1031F0000160016801F002010591016841F00101DF
:1032000001600068022600F0010005901820CDE959
:103210000006032705240295CDE903746946094891
:10322000FEF72AFE8020CDE900060295CDE9037461
:1032300069460548FEF720FE07B0F0BD00300140AA
:103240004438024000040240000002402DE9FF4FD4
:1032500081B01F469346044601250E9EFEF7FAFEF6
:10326000804694F851006168012806D0B1F5827F4C
:103270003CD1A168C9BB042838D10298002870D07D
:10328000BBF1000FFBD0002FF9D094F850000128BB
:103290002CD04FF0010A84F850A094F85100042873
:1032A00002D0052084F851004FF00009C4F8549072
:1032B000C4F838B0E787A78702992163E786A78615
:1032C000C4F84090C4F8449020680168490603D4CB
:1032D000016841F040010160E068B0F5006F60688E
:1032E00008D0E8B3012F47D07DE0FFE7022005B00A
:1032F000BDE8F08F08B1012F37D1206B216800881D
:10330000C860206B801C2063E08E401EE0862CE0AD
:103310002068816889070DD5E18E59B1012D09D149
:10332000216B0988C160206B801C2063E08E401EE9
:10333000E086002520688168C9070BD0E18F49B17C
:10334000C068A16B0880A06B801CA063E08F401E4A
:10335000E0870125FEF77EFEA0EB0800B04201E009
:103360000AE064E001D3701C4ED1E08E0028CFD17A
:10337000E08F0028CCD13CE0206B216800780873F6
:10338000206B401C2063E08E401EE0862BE020680E
:10339000816889070DD5E18E59B1012D09D1216BC5
:1033A00009780173206B401C2063E08E401EE0868C
:1033B000002520688168C9070BD0E18F49B1C0683A
:1033C000A16B0870A06B401CA063E08F401EE087DB
:1033D0000125FEF73FFEA0EB0800B04202D3701CAF
:1033E00001D011E086B1E08E0028D0D1E08F002816
:1033F000CDD142463146204602F05EFF50B120203A
:10340000606584F8509012E084F851A084F85090E0
:1034100003206CE7A06818B92068C1688068009034
:1034200084F851A084F85090606D0028F1D00120FC
:103430005DE710B5401EB0F1807F01D3012010BDC3
:103440004FF0E02460610F21601705F0EEFA0020D4
:10345000A06107202061002010BD70477047000068
:1034600070B590F83C20012A32D0012580F83C50FC
:10347000022280F83D2002685368946823F07006A9
:103480000B6833435360134B02689A4214D0B2F175
:10349000804F11D0104B9A420ED0104B9A420BD055
:1034A0000F4B9A4208D00F4B9A4205D00E4B9A42CE
:1034B00002D00E4B9A4204D1496824F0800319438C
:1034C000916080F83D50002180F83C10084670BDA6
:1034D000022070BD000001400004004000080040D0
:1034E000000C004000040140004001400018004072
:1034F00010B5040003D094F83D0010B107E001209E
:1035000010BD002084F83C00204600F01FF8022087
:1035100084F83D00211D206803F014F8012084F890
:10352000460084F83E0084F83F0084F8400084F8A8
:10353000410084F8420084F8430084F8440084F891
:10354000450084F83D00002010BD000008B500686B
:10355000B0F1804F0CD01049884208D10F48016863
:1035600041F400310160006800F40030009008BDB3
:103570000A48001F016841F0010101600068002253
:1035800000F00100009005211C20FEF7D5FDBDE8EC
:1035900008401C20FEF7C2BD0044014044380240F0
:1035A00090F83D10012901D001207047022180F8D8
:1035B0003D100168CA6842F00102CA600068114902
:1035C000884214D0B0F1804F11D00F4988420ED0FC
:1035D0000E4988420BD00E49884208D00D498842D6
:1035E00005D00D49884202D00C49884204D1816837
:1035F00001F00701062903D0016841F001010160D3
:103600000020704700000140000400400008004016
:10361000000C004000040140004001400018004040
:1036200070B5044690F83C000025012817D001260B
:1036300084F83C60022084F83D002068826822F013
:10364000770222F47F4282600868502838D00DDC6F
:1036500020284FD005DC90B3102811D14AE0022079
:1036600070BD302846D040280AD13BE060282FD0DA
:1036700070280DD0B0F5805F03D0B0F5005F12D098
:10368000012584F83D60002084F83C00284670BD88
:10369000CB68D1E90121206802F0C9FF2068816868
:1036A00041F0770109E0CB68D1E90121206802F0FF
:1036B000BEFF2068816841F480418160E1E719E044
:1036C000CA684968206803F087F85021206806E03E
:1036D000CA684968206803F090F86021206802F009
:1036E000B0FFCEE7CA684968206803F075F840214A
:1036F0002068F4E7226801461046F0E770472DE99C
:10370000F04104460068C66805694FF00007A90744
:1037100013D5B10711D5F91E01610120207720686A
:1037200080698007204602D0FFF7E8FF04E000F040
:10373000A9F8204600F03BF92777680716D57007EF
:1037400014D521686FF004000861022020772068FA
:10375000806910F4407F204602D0FFF7CFFF04E0DD
:1037600000F090F8204600F022F92777280715D5B9
:10377000300713D521686FF0080008610420207716
:103780002068C0698007204602D0FFF7B7FF04E039
:1037900000F078F8204600F00AF92777E80616D5F9
:1037A000F00614D521686FF010000861082020771A
:1037B0002068C06910F4407F204602D0FFF79EFFCA
:1037C00004E000F05FF8204600F0F1F82777E80702
:1037D00008D0F00706D021686FF00100086120468C
:1037E00000F04EF9280608D5300606D521686FF09E
:1037F000800008612046FFF730FE680608D5700695
:1038000006D521686FF040000861204600F039F9C4
:10381000A8060AD5B00608D521686FF02000086117
:103820002046BDE8F041FFF719BEBDE8F081000079
:1038300010B586B0044614216846FCF7FFFE0E4919
:103840002068884215D10D48016841F020010160CF
:103850000068012100F02000059040200090022027
:10386000CDE9010103900320049069460448FEF766
:1038700003FB06B010BD0000004401403038024098
:1038800000140240704770B5044690F83C000026D2
:103890000D4601280FD0012084F83C006AB1042AAB
:1038A0001DD0082A2FD00C2A3FD00126002084F8F2
:1038B0003C00304670BD022070BD206802F0CAFE98
:1038C0002068816941F0080181612068816921F0E7
:1038D00004018161206881692A69114311E020682F
:1038E00002F0E8FE2068816941F40061816120688E
:1038F000816921F480618161206881692A6941EAD6
:1039000002218161D2E7206802F00AFF2068C169C4
:1039100041F00801C1612068C16921F00401C16161
:103920002068C1692A69114311E0206802F02CFF68
:103930002068C16941F40061C1612068C16921F456
:103940008061C1612068C1692A6941EA0221C161BF
:10395000ACE710B5040003D094F83D0010B107E0C7
:10396000012010BD002084F83C00204600F01EF825
:10397000022084F83D00211D206802F0E3FD0120B3
:1039800084F8460084F83E0084F83F0084F8400044
:1039900084F8410084F8420084F8430084F844002D
:1039A00084F8450084F83D00002010BD7047704742
:1039B00010B5044649B104290AD008290BD094F85F
:1039C000410001280AD0012010BD94F83E00F8E71C
:1039D00094F83F00F5E794F84000F2E70220B1B315
:1039E000042938D0082939D084F841000122206800
:1039F00002F010FE1B4920681B4A884201D0904209
:103A000003D1436C43F4004343642068884213D0DD
:103A1000B0F1804F10D0154988420DD0144988422A
:103A20000AD01449884207D0904205D012498842F2
:103A300002D01249884204D1816801F007010629A9
:103A400003D0016841F001010160002010BDFFE7D3
:103A500084F83E00CAE784F83F00C7E784F84000D6
:103A6000C4E70000000001400004014000040040E1
:103A700000080040000C00400040014000180040D9
:103A80007047704738B5044690F84200202801D0AE
:103A9000022038BD71B16AB101202063002060634B
:103AA000204603F07DF80246206B012804D0012255
:103AB000104638BD012038BD20680168406800907C
:103AC00020680C3050E8001F41F0100140E800135E
:103AD000002BF5D1ECE7000070B500681B4A90425E
:103AE00032D11B4856151B4D0078AC281AD0182926
:103AF00000D918210C460A4615491748FCF705FD60
:103B0000324613491348FFF7BDFFE86B00680168B0
:103B100021F0080101602246BDE870400F490E48BF
:103B200004F09ABE0A4806F0E5FE31460848FCF764
:103B300063FD324606490748FFF7A4FFE86B0068BB
:103B4000016821F00801016070BD00000010014013
:103B5000EA4D0020A406002024500020EA4F002057
:103B600070470000F8B5016804460868CA684B69E8
:103B700010F00F0F4FF0000559D003F0010602F4CA
:103B80009077374365D0C10705D0D10503D5616C67
:103B900041F001016164410705D5D90703D0616C8B
:103BA00041F002016164810705D5D90703D0616C3A
:103BB00041F004016164010707D502F0200131439F
:103BC00003D0616C41F008016164616C00293AD056
:103BD000800604D5900602D5204602F0F9FE206842
:103BE0004069616CC0F38010090700D460B32046BF
:103BF00002F0B9FE20684069400621D520681430E3
:103C000050E8001F21F0400140E80012002AF5D1E1
:103C1000E06BA8B172490165E06BFDF797FF0028E2
:103C200011D0E06B016D01B0BDE8F040084783069C
:103C30000FD593060DD52046BDE8F84002F0C8BE6A
:103C40002046FFF78DFFF8BD2046FFF789FF65642A
:103C5000F8BD266B2023012E7ED1C6067CD5D60664
:103C60007AD508684868009048694FF00206400617
:103C70004DD5E26B106840684FF480770004000C6B
:103C80003AD0A18D814237D9E085D069B8422DD094
:103C900020680C3050E8001F21F4807140E80012C9
:103CA000002AF5D12068143050E8001F21F00101EE
:103CB00040E80012002AF5D12068143050E8001FB7
:103CC00021F0400140E80012002AF5D184F842308A
:103CD000256320680C3050E8001F21F0100140E8F7
:103CE0000012002AF5D1E06BFDF7E7FE6663A08DB8
:103CF000E18D401A81B206E0A18D8142A8D1D06940
:103D0000B842A5D166632046FFF7E6FEF8BDA08D58
:103D1000E18D401A81B2E08D0028F7D00029F5D05E
:103D200020680C3050E8002F22F4907240E8002701
:103D3000002FF5D12068143050E8002F22F0010246
:103D400040E80027002FF5D184F842302563206831
:103D50000C3050E8002F00E006E022F0100240E8AE
:103D60000023002BF3D1CDE705062BD5150629D569
:103D700094F841002128C9D1A068B0F5805F01D135
:103D80002069B0B1206A411C216221680078486036
:103D9000E08C401E0004000CE084B7D12068C168AC
:103DA00021F08001C1602068C16841F04001C1601C
:103DB000F8BD206A0088C0F308004860206A801CB3
:103DC0002062E5E74006F3D55006F1D5CA682046E3
:103DD00022F04002CA6084F8413000F0E9F9F8BDF1
:103DE0001F68000870B5040004D094F84100002555
:103DF00010B106E0012070BD84F84050204600F06C
:103E000023F8242084F841002068C16821F400517F
:103E1000C160204602F03EFE2068016921F4904115
:103E200001612068416921F02A0141612068C1686F
:103E300041F40051C1606564202084F8410084F899
:103E400042006563002070BD2DE9F04F87B0044645
:103E500014216846FCF7F2FB7F48DFF8F88114383C
:103E6000D4F800C07C4B0221032207270025061549
:103E70004FF0400B4FF0006AC4456AD1D3F800C040
:103E80004CF0100CC3F800C01B6803F0100305933E
:103E9000036843F002030360036803F00203059321
:103EA000036843F0010303600068894600F00100E5
:103EB00005908020CDE90009CDE90252904669467F
:103EC00004976648FDF7D8FF7010CDE90009CDE9E9
:103ED0000258694604976248FDF7CEFFDFF88881F3
:103EE00060494046C8F80010C0E901A5C0E9035682
:103EF000C8F81450C8F81850C8F81C50C8F820501A
:103F00005746B146C8F82450FDF702FF08B1FDF747
:103F10006CF9554EC4F83C806036C8F83840C6E9A4
:103F200003597561B5614F48F56135627830756246
:103F300086E881083046FDF7EBFE08B1FDF755F93C
:103F4000A663002205212520B463FEF7F5F825209D
:103F50003EE0DFF81881C4453FD13F4B1B1FD3F82B
:103F600000C04CF4802CC3F800C01B6803F480230D
:103F70000593036843F004030360006800F0040045
:103F800005904FF440608DE82300CDE90327694692
:103F90003748FDF771FF344F3648C0373860C7E9FE
:103FA00001A5C7E903567D614FF44030BD61C7E903
:103FB000075038467D62FDF7ABFE08B1FDF715F9F5
:103FC000E763002205212720BC63FEF7B5F8272010
:103FD000FEF7A4F807B0BDE8F08F274FBC45F9D134
:103FE0001F6847F020071F601B6803F0200305933C
:103FF000036843F040030360006800F04000059050
:104000004FF484408DE823000820CDE90320694661
:104010001A48FDF731FF1348194F60303860C7E97F
:1040200003567D61BD61FD613D624FF020607D62A0
:10403000C7E9010B3846FDF76BFE08B1FDF7D5F86F
:10404000A763002205214720BC63FEF775F84720CF
:10405000BEE7000000100140443802400004024066
:1040600000000240406402407C07002000480040FD
:10407000000802402860024000140140001802407D
:104080009C080020704770472DE9F843044690F8DB
:1040900041001F4615460E46202802D00220BDE8EA
:1040A000F8838EB185B100206064212084F841003E
:1040B000FDF7D0FFA5848146E584A0684FF0200875
:1040C000B0F5805F02D003E00120E8E7206910B17D
:1040D000354600260EE000250CE08021204602F047
:1040E000B1FDA0B9BDB115F8010B21684860E08CA5
:1040F000401EE084E08C4B464FF000020097002801
:10410000EBD14FF04001204602F09CFD40B184F815
:1041100041800320C3E736F8020BC0F30800E4E750
:1041200084F841800020BAE737B5044690F8410092
:10413000202801D002203EBD019901B3FAB12162CD
:10414000A284E28400206064212384F84130A56BBE
:10415000144BEB63A56B144B2B64A56B134BEB64F7
:10416000A36B186520681346A56B021D2846FDF752
:1041700039FE30B110206064202084F84100012015
:104180003EBD21686FF0400008602068143050E8A0
:10419000001F41F0800140E80012002AF5D1002004
:1041A0003EBD00001B6900085D6900082D6800081D
:1041B0007047704770B5044600203C4D2074A27BC8
:1041C000288861684243D4F8F400FCF7E3F9A17B46
:1041D000288841436068FCF731FAA07B10FB00F1AE
:1041E00028884143D4F81801FCF728FA207BA17BEA
:1041F00010FB01F128884143D4F80C01FCF71EFAAA
:1042000000202BE0D4F8F41001EB800292ED000ABC
:10421000B5EEC00AF1EE10FA1ED0227C01EB82014D
:1042200081ED000A227C616A8854A169227B01EB3E
:104230008001237C91ED000A6169095C12FB031186
:104240006FF0030202EB8101D4F80C21114481EDDF
:10425000000A217C491C2174401CC0B2A17B814210
:10426000D0D8002010E0636AE2691B5C02EB830295
:1042700092ED000A10FB0101D4F81821401C02EB5A
:104280008101C0B281ED000A217C8142EBD8C8B225
:1042900024F8780F14F86C0C6080208161812183F0
:1042A00061832084618424F8301C70BD9800002054
:1042B000FEE7000010B504462DED048BD0F8EC00AD
:1042C000D0ED009AD0ED018A90ED029A29EEA90A6C
:1042D00090ED038A08EEA80A09EE090A08EE080A1A
:1042E00005F0BCFD0020D4F8EC1001EB8001401C6F
:1042F000D1ED000AC0B2042860EE800AC1ED000AC8
:10430000F1D33F48D4F8001190ED6F0A60EE280A0F
:10431000B6EE000A60EE800AC1ED040AD0ED6F0A25
:10432000D4F8001160EE890A60EE800AC1ED050A3A
:10433000D0ED6F0AD4F8001120EEA91AFEEE000AA3
:1043400021EE201A81ED0A1A90ED6F1AD4F80011AF
:1043500021EE081A21EE001A81ED0B1A90ED6F1A6A
:10436000D4F8001121EE081A21EE201A81ED101A5E
:1043700090ED6F1AD4F8001121EE291A21EE201ABF
:1043800081ED111A90ED6F1AD4F8001121EE091A7F
:1043900021EE000A81ED160A90ED6F0AD4F80011A3
:1043A00020EE280A20EE200A81ED170AD4F8F81032
:1043B000D0ED740A91ED1C0A80EE201A81ED1C1AD2
:1043C000D4F8F810D0ED740A91ED230A80EE201A8B
:1043D0009FED0D0A81ED231AD4F8F8000949026F08
:1043E0008A4201DD80ED1C0AD4F8F800D0F88C2058
:1043F0008A4201DD80ED230ABDEC048B10BD000074
:104400002848002000401C4600401C4670B5294C3E
:1044100005460126267004F5D87080EC030A0020BA
:104420009FED250A84ED730A84F83801C4E9500031
:10443000C4E9520011EE900AB0F17E5F01DDF7EEA3
:10444000001AC4ED741A84ED642A032300220621A5
:10445000201D00F023FE194B01221146A3F1080094
:1044600004F0B1FF002105EB810090ED000AD4F8C3
:10447000EC0000EB8100491C80ED000A0429F2DB0E
:104480000F4844F8D00F0F4860600F48A0600F48F5
:10449000E06004F8A26C04F8A16C90220C49606BF7
:1044A000FCF778F8E06ABDE8704090220949FCF713
:1044B00071B800002848002077CC2B32F04900204A
:1044C000D9440008B54200080D450008B14900086C
:1044D00080C10008E000002010B50446902254F886
:1044E000F81F0848FCF756F848220748616AFCF7AD
:1044F00051F8054861694822BDE810404830FCF792
:1045000049B80000E0000020084A002070B50446C9
:10451000B0EE000A54F8EC0F2B4DD0ED000A60EE1F
:10452000800AC5ED090AD0ED010A60EE800AC5EDEA
:104530000A0AD0ED020A60EE800AC5ED0B0AD0ED42
:10454000030A20EE800A85ED0C0A14F8DE0C14F83C
:10455000E01C10FB01F11D4800884143206AFCF774
:104560006DF8D5ED0B1A206AB1EE612A80ED002AB4
:10457000206A95ED0C1A80ED011A95ED090A206A62
:10458000F1EE400AC0ED020A206AD5ED0A0AC0ED3C
:10459000030A206AC0ED060A206A80ED070A206A35
:1045A00080ED081A206AC0ED091A206A80ED0C0A15
:1045B000206AB1EE600A80ED0D0A206A80ED0E2AB5
:1045C000206A80ED0F1A70BD9C000020980000202A
:1045D00070B5EC4CEC4D90222DED048BB0EE619A51
:1045E000B0EE628A84ED6F3AD4ED581AF0EE428A4A
:1045F000E64970EE611AC4ED5B1A94ED590A30EE8B
:10460000C00A84ED5C0AD4ED5A0A71EE600AB6EE77
:10461000001A61EE811A20EE010AC4ED5D0A61EE16
:10462000831A20EE030AC5ED001A85ED010A20EE7B
:10463000810A20EE030A85ED020AD4F8040104F58C
:104640008274FBF7A7FFD5ED000A2068B1EE602A5F
:1046500080ED012A95ED011A2068F1EE412AC0EDA6
:10466000022A95ED020A2068F1EE401AC0ED031A05
:104670002068C0ED060A206880ED080A2068C0EDB9
:10468000092A206880ED0C1A2068C0ED0D1A2068F8
:10469000C0ED0F0A206880ED120A206880ED131A21
:1046A00054F8440B80ED142A74E85201084305D1F4
:1046B00084ED5E9AC4ED5F8A84ED608A94ED5E0AB3
:1046C00094ED641AD4ED6F0A20EE012A30EE810ACF
:1046D000C2EE001A20EE892AC2EE002A31EEA23A7A
:1046E00084ED5E3AD4ED5F1A21EE812AC2EE001A03
:1046F00020EEA82A60EE880AC2EE002A71EEA21A05
:10470000C4ED5F1A94ED602A22EE012A82EE001AAF
:1047100080EE802A23EE030A01EEA10A71EE020A5E
:10472000C4ED600A00EEA00A05F098FB85ED030ACF
:10473000002004EB8001D1ED5E0AA16801EB80014D
:1047400060EE800A401CC0B2C1ED000A0328F0D31D
:1047500094ED5B0AD4ED5C0A20EE000A00EEA00A9C
:10476000D4ED5D0A00EEA00A05F078FBB7EE009AE2
:10477000874989EE001A84ED651AD5ED030A11EE1A
:10478000100A89EE200A884284ED660A0BDA10EEE0
:10479000100A8049884206DD10EE100A7E498842E0
:1047A00001DA012000E0002084F8390194ED6C0A60
:1047B000D4ED6F0AD4F8180120EE200A80ED000A2B
:1047C00094ED6C0AD4ED6F0AD4F8180120EE200A9B
:1047D00080ED070A94ED6C0AD4ED6F0AD4F8180145
:1047E00020EE200A80ED0E0A94ED6C0AD4ED6F0ADB
:1047F000D4F8180120EE200A80ED150A94ED6D0A18
:10480000D4ED6F0AD4F8180120EE200A80ED1C0ABE
:1048100094ED6D0AD4ED6F0AD4F8180120EE200A49
:1048200080ED230AD4F81C0194ED6E0A80ED000A95
:10483000D4F81C0194ED6E0A80ED040AD4F81C0132
:1048400094ED6E0A80ED080A201D00F011FF6068EB
:1048500090ED001A84ED541A90ED010A84ED550A8A
:1048600090ED022A84ED562AD0ED031AC4ED571AB2
:10487000D0ED040AC4ED580AD0ED050AC4ED590A7A
:10488000DFED460A61EE012A21EE211AC4ED5A0A33
:10489000B0EE008A40EE002A00EE021AF0EE490A5D
:1048A00052EE880A21EE080A04F0F2F9DFED3C8AA4
:1048B000F0EE490A20EE280A84ED6A0A94ED540AC3
:1048C00094ED571A60EE001A41EE011A51EE880A73
:1048D000D4ED551A20EE210AD4ED561A01EE810AC4
:1048E00020EE080A04F0D4F920EE280A84ED690AC3
:1048F00094ED550AD4ED570A94ED561A20EE200A8D
:10490000D4ED540A00EEC10AF8EE000A20EE200AA7
:1049100004F028F920EE280A224984ED680A94ED73
:104920006A0AD4ED760A70EE600A10EE900A8842A8
:1049300003DDB4F8D401401E07E010EE900A1A49D6
:10494000884204D9B4F8D401401CA4F8D401B4F9C5
:10495000D401DFED161A00EE900AB8EEE01AF0EE80
:10496000400A41EE210AC4ED6B0A84ED760AF4E9AF
:104970005201401C41F10001C4E90001BDEC048B6F
:1049800070BD0000284800209C00002080C1000865
:104990009A99993ECDCC1441CDCC24410000000021
:1049A000E12E6542DA0F4940DA0F49C00000B443F6
:1049B0002DE9F84F00F1800104467830054600915A
:1049C00004F0AFFE84F8C800B4F87800A4F8A8009A
:1049D000B4F85A00A4F8AA0004F1A80204F158019E
:1049E00091468B46284604F04FFE84F8C800B4F880
:1049F000A800A4F8B000B4F88200A4F8B20004F152
:104A0000B00290464846009904F03EFE84F8C80083
:104A1000B4F89000A4F8A000B4F89200A4F8A200A2
:104A200004F1A002154604F19001404604F0B6FCE2
:104A300084F8C80041462846B03404F0C9FC20760A
:104A4000E06BBD490125D0ED001AF0EE002AC1ED62
:104A50000D1A90ED011A002781ED0E1AD0ED020A11
:104A6000B64EC1ED0F0A90ED030A81ED100A21EE5A
:104A7000002A34F8380C2081658101EEE02AE06FCD
:104A800022EE222A80ED002A21EE812A61EEA11A6F
:104A9000E06F00EE802A41EE411A22EE222A40EE1B
:104AA000E01A80ED012AE06FB03C40EE001AC0ED44
:104AB000021AD4F82C0100EB870090ED000AB0EE4A
:104AC000C00A03F0C3FF06EB87007F1CFFB280ED36
:104AD000610A032FEDD3B4F84800A4F8C00004F134
:104AE000C00204F1B801A4F8C25017468A4604F186
:104AF000480004F001FE84F8C800B4F8C000A4F82F
:104B0000A80024F8AA5F4A463946404604F0BCFD96
:104B1000A077E581E08A20825146384604F001FE04
:104B2000A077874A4946504604F0AEFDA07796ED3F
:104B3000730AB6EE001AD6ED720A20EE011AAA3CEC
:104B4000F4EEC10AF1EE10FA01D286F83851F4EE13
:104B5000C00A0020F1EE10FA34DD96F8381181B366
:104B600096F8391129B1D6E95012491C42F10002D8
:104B700001E000210A46C6E95012D6E950234FF061
:104B8000320C0021BCEB0202994102D286F83801B6
:104B900036E06C4E14F80C2F30884243D4E93701CC
:104BA0007434FBF7F7FC14F8740C10FB00F2308837
:104BB0004243D4E91E01FBF7EDFC04F8545CBDE868
:104BC000F88FFFE79FED601A20EE011AF4EEC10A9C
:104BD000F1EE10FA0DDD96F8381151B170EE600A61
:104BE0009FED5A1A20EE010A80EE801A86ED671AB0
:104BF00003E0B7EE000A86ED670A0021C6E950110E
:104C000084F82C00B4F85800A4F8A800B4F8820086
:104C1000A4F8AA004A4658466C34009904F034FDC2
:104C200004F85C0FA4F13002934641464846C83C64
:104C300004F02AFD84F8C80000200DE0D4F81C110F
:104C4000D6ED670A01EB8001401C91ED000AC0B26D
:104C500020EE200A81ED000AB4F89810B4F89A20EA
:104C600051438142EADC04219FED390A002006EB22
:104C7000810C01EB41039CED5D1AD4F81C2103EB80
:104C80000008C1EE000A02EB8802401C92ED001AF7
:104C9000C0B2032860EE810AC2ED000AEBD3491CC2
:104CA000C9B20629E2D334F8980F524620846584AD
:104CB0003946584604F0E8FC84F83000606A9FEDFD
:104CC000250A983C80ED030A96F8380150B3DFEDD1
:104CD000220A9FED221A0420D4F8BC1096ED6F0A28
:104CE00001EB800120EE200AD1ED001AF4EEC01A8B
:104CF000F1EE10FA01DD81ED000AD4F8BC1096ED5A
:104D00006F0A01EB800120EE010AD1ED001AF4EEEA
:104D1000C01AF1EE10FA01D281ED000A401CC0B2B7
:104D20000628D9D304F13002514604F1380004F0CA
:104D300035FB84F8C80042E79C000020284800208A
:104D4000E849002098000020CDCCCC3D6666663F47
:104D5000DA0FC93F000000000AD7233C0AD723BC62
:104D60002DED028B86B000F033F99FED8A8A8A48D8
:104D70004FF0FF31006806F025FA894FDFF81C92EA
:104D8000A7F1940404F1440004900C30DFF814827D
:104D9000854D07F10C0A04F15C0B6E46F7EE008AB4
:104DA000039081481030FCF7CBF885ED000A7B4872
:104DB000FBF7F4FD99ED030A84ED040AD9ED040A2A
:104DC000C4ED050A99ED051A84ED061A87EC030A6D
:104DD000D9ED001AC4ED071A99ED012A84ED082ACD
:104DE000D9ED022AC4ED092ACAEC021ACAED022A38
:104DF00095ED003AFFF7ECFB6C480FC884E80F0014
:104E0000674A6B48943A0499FBF7B3FE644A6848D2
:104E1000943A0C300399FBF7ACFE614A6448943A2B
:104E200059461830FBF7A5FE5D4A6148943A694639
:104E30002430FCF765F995ED001A002004EB8001A1
:104E400006EB800291ED070AD2ED000A401CC0B2C9
:104E500030EE600A032820EE012A94ED100A70EE6D
:104E6000010AC2EE201A91ED0A2A22EE000A80EE13
:104E7000202A31EE820A81ED0A0ADFD3484A943AA9
:104E800002F13401A1F10C00FBF773FE94ED0D0A61
:104E9000B0EEC00A10EE101A414501DA84ED0D8A19
:104EA00094ED0E0AB0EEC00A10EE101A414501DA78
:104EB00084ED0E8A94ED0F0A3E49B0EEC00A10EE62
:104EC000100A884201DB686904E084ED0F8A686992
:104ED000401C68610A2803DD0020686184ED228A95
:104EE00095ED020A344910EE100A884249DD94ED2E
:104EF000220A94ED0E1ADFED310A0120314901EE4C
:104F0000200A84ED220A94ED231A00EE201A84ED83
:104F1000231A84F890002A4890ED6A0A84ED1E0A4C
:104F2000D0ED690AC4ED1D0AD0ED680AC4ED1C0A73
:104F3000D0ED6B0AC4ED1F0AD4ED200A70EE600AB2
:104F400010EE900A884204DDD4ED210A70EEE80AE2
:104F500008E010EE900A1C49884205D9D4ED210AD8
:104F600070EEA80AC4ED210A94ED211ADFED171A9C
:104F7000F0EE400A41EE210AC4ED1F0A84ED200A3A
:104F800003E030EE280A85ED020AE868401CE8607C
:104F900007E700000000000000020020784B00201E
:104FA0002C4B0020CDCCCC3C700100207849002057
:104FB00010C20008EC51383D0000F0416F12833AF6
:104FC00028480020DA0F4940DA0F49C0560EC94080
:104FD00000B51A482DED028B85B00FC88DE80F0083
:104FE0006846FCF707F89FED168AF7EE001A9FED6A
:104FF000151AB0EE482ADFED140AB2EE040A68462C
:10500000FFF704FA00211148FEF7D2FC9FED102AA9
:10501000DFED101AB0EE481AF3EE040A9FED0E0A07
:105020000E4805F0D5F80D489FED0D0AAC3880ED1F
:10503000100A05B0BDEC028B00BD00004CC2000898
:10504000000000008096184B6F12833A5C06002027
:105050000000FA440000964300007A44444B0020CC
:1050600096430B3CF0B500230A24302537261F4613
:1050700010E0B4EB107F02D905EB107C01E006EBE9
:10508000107C01F813C001EB430C00015B1C8CF891
:105090000170DBB29342ECD3F0BD00002DE9F04784
:1050A000DFF8DC830D460421A8F800100821A8F8D9
:1050B00002100573427383734FF000091E460446C5
:1050C00080F8109017463046FBF752F93146606180
:1050D000FBF792FAB8F800007043FBF749F9A061BA
:1050E000B8F800107143FBF7A9FAB8F80000704354
:1050F000FBF73EF9E061B8F800107143FBF79EFA48
:10510000B8F800006843FBF733F92062B8F80010E4
:105110006943FBF793FA3046FBF72AF931466062A0
:10512000FBF76AFAB8F800006843FBF721F9206042
:10513000B8F800106943FBF781FAB8F80000704333
:10514000FBF716F96060B8F800107143FBF776FAC8
:10515000B8F800007843FBF70BF9A060B8F800102E
:105160007943FBF76BFAB8F800006843FBF700F9E6
:10517000C4F8E800B8F800106943FBF75FFA217B38
:10518000012204F13000D4F8E83004F01CF9B8F83A
:1051900000006843FBF7ECF8C4F8EC00B8F8001026
:1051A0006943FBF74BFA217B012204F13800D4F864
:1051B000EC3004F008F99FB1B8F800007843FBF731
:1051C000D7F8C4F8F000B8F800107943FBF736FAC6
:1051D000617B012204F14000D4F8F03004F0F3F8D0
:1051E000B8F800007043FBF7C3F8C4F8F400B8F84F
:1051F00000107143FBF722FAA17B012204F1480061
:10520000D4F8F43004F0DFF8B8F8000068436843DD
:10521000FBF7AEF8C4F8F800B8F80010694369432A
:10522000FBF70CFA217B04F150000A46D4F8F83061
:1052300004F0C9F8B8F8000068436843FBF798F831
:10524000C4F8FC00B8F8001069436943FBF7F6F9AD
:10525000217B04F158000A46D4F8FC3004F0B3F87E
:10526000B8F8000068436843FBF782F8C4F800010F
:10527000B8F80000883468436843FBF779F8E067C2
:10528000B8F80010A06F69436943FBF7D7F9B8F885
:105290000010E06F69436943FBF7D0F954F8783F99
:1052A000A4F1A00014F8F41CA4F580740A4604F0DC
:1052B0008AF8217B04F168000A46D4F8043104F02E
:1052C00082F8AFB1B8F8000068437843FBF750F8B4
:1052D000C4F80801B8F8001069437943FBF7AEF948
:1052E000627B217B04F17000D4F8083104F06BF884
:1052F000B8F80000474670436843FBF739F8C4F834
:105300000C013888943468437043FBF731F8E06748
:105310003988A06F71436943FBF790F93988E06FD2
:1053200069437143FBF78AF914F8882C14F8861C3A
:10533000A4F11C00A36F943C04F045F8A27B217BF0
:1053400004F18000D4F8103104F03DF83888684347
:105350006843FBF70DF8C4F81401398869436943C1
:10536000FBF76CF9217B04F188000A46D4F814316C
:1053700004F029F8388870437043FAF7F9FFC4F84D
:105380001801398871437143FBF758F9A17B04F187
:1053900090000A46D4F8183104F015F838886843AC
:1053A0007043FAF7E5FFC4F81C013988694371437B
:1053B000FBF744F9A27B217B04F19800D4F81C315F
:1053C00004F001F8207B10FB00F039884843FAF71D
:1053D000CFFFC4F82001207B10FB00F03988484340
:1053E000FAF7C6FFC4F82401207B10FB00F03988CF
:1053F0004843FAF7BDFFC4F82801207B39884843A9
:10540000FAF7B6FFC4F82C01207B39884843FAF735
:10541000AFFFC4F83001217B04F1A0000A46D4F8A4
:10542000203103F0D0FF217B04F1A8000A46D4F814
:10543000243103F0C8FF217B04F1B0000A46D4F800
:10544000283103F0C0FF217B012204F1B800D4F819
:105450002C3103F0B8FF217B012204F1C000D4F805
:10546000303103F0B0FF04F8289F84F8019084F8ED
:10547000029084F8039084F80490BDE8F08700005F
:105480009800002070B50446C07B0F4D18B120462F
:10549000FEF790FE0DE0A27B288861684243D4F8B5
:1054A000F400FBF777F8A17B288841436068FBF79D
:1054B000C5F8627B2888A1684243D4F8F000BDE8B3
:1054C0007040FBF767B80000980000202DE9F0411C
:1054D000044690F82C0000282BD1B4F89800A4F8CA
:1054E000A800B4F87A10A4F8AA10A4F8B000B4F890
:1054F0005A00A4F8B20004F1A802154604F178019C
:1055000004F1980004F0C0F884F8C80004F1B00277
:1055100004F1580116460F46284604F0B5F884F801
:10552000C80004F150023146384604F0E5F884F82A
:10553000C800BDE8F0812DE9F041044690F829004B
:1055400000282CD104F1680104F160000F460646E2
:1055500004F0E7F884F8C80004F15802154604F195
:105560005001304604F090F884F8C800B4F85800B0
:10557000A4F8A800B4F86A00A4F8AA0004F1A802EC
:1055800016463946284604F07FF884F8C8002A46B3
:1055900004F18801304603F001FF84F8C800BDE83B
:1055A000F0812DE9F047044690F82A0000285CD1EC
:1055B00004F1800104F178008946054604F0B1F851
:1055C00084F8C800B4F87800A4F8A800B4F85A0029
:1055D000A4F8AA0004F1A80204F1580190460F466D
:1055E000284604F051F884F8C800B4F8A800A4F8DC
:1055F000B000B4F88200A4F8B20004F1B00215467D
:105600004946404604F040F884F8C800B4F89000D9
:10561000A4F8A000B4F89200A4F8A20004F1A0023B
:10562000164604F19001284603F0B8FE84F8C8003D
:1056300029463046AA3403F0CBFEA07734F8520C4A
:1056400024F8020C34F8280C20804246494638469B
:1056500004F01AF804F81E0FA4F13002294640465F
:10566000C83C04F011F884F8C800BDE8F0870000D9
:1056700070B50446FFF706FFD4F8CC1009B12046F8
:105680008847204600F068F8D4F8D01009B12046C9
:1056900088472046FFF74FFFD4F8D41009B12046C1
:1056A0008847207C2B4DC0B9E07BB0B1227B288895
:1056B0004243D4E93A01FAF76DFF207B10FB00F278
:1056C00028884243D4E93E01FAF764FFD4F8E01099
:1056D00009B120468847002029E02046FFF761FFF6
:1056E000D4F8D81009B120468847204600F06EF85B
:1056F000D4F8DC1009B1204688472046FFF7E6FEC3
:10570000E4E710FB0101D4F8F82002EB8101226AE2
:10571000D1ED000A02EB800292ED000AF4EEC00A1D
:10572000F1EE10FA01D281ED000A401CC0B2217BDB
:105730008142E6D8CAB22888D4F8E81042432068EB
:10574000FAF728FFD4F8E41009B12046884720680A
:1057500070BD0000980000202DE9F041044690F84B
:10576000280000282AD1627B04F1300104F1600096
:1057700004F1380522B3227BA4F8B820012604F1F5
:10578000B802A4F8BA60174603F07EFF84F8C80098
:10579000207BA4F8C000A4F8C26004F1C002164641
:1057A00004F1400104F1700003F06EFF04F8C80F2B
:1057B0002A463146384603F0F1FD2070BDE8F081FD
:1057C0002A4603F061FF84F8C800F7E72DE9F041AD
:1057D000044690F82B00002838D1B4F87800A4F8DB
:1057E000B800012504F1B80204F13801A4F8BA5058
:1057F00090460F4604F1780003F046FF84F8C80095
:10580000B4F84800A4F8C00004F1C002A4F8C250E3
:105810001646414604F1480003F06EFF84F8C800C4
:10582000B4F89800A4F8B800A4F8BA50424631463B
:1058300004F1980003F028FF84F8C80004F1300256
:105840004146384603F0AAFD84F8C800BDE8F0815F
:1058500070470000104810B50E49016003214160F7
:1058600000214FF410228160C0E903124FF40012AE
:1058700042610176012242768176C17601774177D5
:10588000FBF7E3FF002803D0BDE81040FBF7ADBCF9
:1058900010BD00000064004094050020194808B5C0
:1058A000016841F480010160016801F48001009108
:1058B000016841F4001101600068002200F400104A
:1058C000009005210C20FCF737FC0C20FCF726FC8F
:1058D000002205213A20FCF72FFC3A20FCF71EFCA1
:1058E000002205214520FCF727FC4520FCF716FC8B
:1058F000002205214620FCF71FFCBDE80840462099
:10590000FCF70CBC3038024010B5A4B003220021D3
:10591000012005F0F1FA1D4C1C221D49206068464B
:10592000FAF738FE0021684604F02EFB1849A06003
:105930001C221C3107A8FAF72DFE002107A804F04D
:1059400023FB1349E0601C2238310EA8FAF722FE2F
:1059500000210EA804F018FB0D4920611C225431CF
:1059600015A8FAF717FE002115A804F00DFB084949
:1059700060611C2270311CA8FAF70CFE00211CA8E3
:1059800004F002FB606024B010BD000000000020A5
:10599000D4C000082DE9F04186B014216846FAF71A
:1059A0004DFE3A480024016841F040010160016861
:1059B00001F040010591016841F0020101600168B8
:1059C00001F002010591016841F0010101600168E7
:1059D00001F001010591016841F0080101600168D1
:1059E00001F008010591016841F0040101600168BE
:1059F00001F004010591016841F080010160016836
:105A000001F080010591016841F02001016000680A
:105A1000012200F020001E4E150205902946304656
:105A2000FCF712FB1B4F002210213846FCF70CFB41
:105A3000DFF86480002201214046FCF705FB009559
:105A40000125CDE90154694630460394FCF714FA68
:105A500010200090CDE90154694638460394FCF7C4
:105A60000BFA302000904FF48810CDE9010469460C
:105A70003046FCF701FA0095CDE9015469464046ED
:105A80000394FCF7F9F906B0BDE8F0813038024024
:105A9000000802400000024000040240104810B517
:105AA0000E4901604FF48271416000210222816041
:105AB000C0E9031201224261520282613822C0E928
:105AC0000721416281620A21C162FDF719FB0028AA
:105AD00003D0BDE81040FBF788BB10BD003001408B
:105AE000BC05002010B588B01C216846FAF7A6FD59
:105AF00015481449002401605321C0E9011440F203
:105B0000CF71C0E903148461FDF7F2FC08B1FBF723
:105B10006CFB0D48FDF71DFF08B1FBF766FB60202D
:105B2000CDE9000402940022694607480494FDF779
:105B3000AAFE08B1FBF759FB0348FDF779FE08B050
:105B400010BD0000004401405C06002010B586B086
:105B500000241648009401940294039404944FF096
:105B600080410594C0E9001441F22F11C0E90241BF
:105B700004618461FDF7BCFC08B1FBF736FB4FF410
:105B80008050009069460948FDF74AFD08B1FBF7CF
:105B90002CFB049404A905480594FDF761FC00283A
:105BA00001D0FBF722FB06B010BD00001406002058
:105BB0000C4810B50A4901604FF4E1314160002101
:105BC00081600C22C160C0E904128161C161FEF7ED
:105BD00009F9002803D0BDE81040FBF706BB10BD53
:105BE00000100140A40600200D4810B50B490160CB
:105BF0000C49416000214FF480628160C0E90312CA
:105C00000422C0E90521C161FEF7ECF8002803D0A9
:105C1000BDE81040FBF7E9BA10BD000000480040A5
:105C2000EC060020A08601000C4810B50A4901606E
:105C30004FF4E1314160002181600C22C160C0E974
:105C400004128161C161FEF7CDF8002803D0BDE8E0
:105C50001040FBF7CABA10BD001401403407002001
:105C600010B500220F49104801F084FC08B1FBF781
:105C7000BCFA0E490C4801F09BFE08B1FBF7B5FADF
:105C80000B49094801F03EFA08B1FBF7AEFA0648A5
:105C900001F012FF002803D0BDE81040FBF7A5BAC1
:105CA00010BD00000C0200203C500020C802002063
:105CB0005C020020FEE731B1012907D1016800EE46
:105CC000901A30EE800A10EE101A01607047000042
:105CD0002DE9F04104462DED088B674D006805F174
:105CE000180718B3B7F9020000EE100AD4F8A100A3
:105CF000F8EEC00A00EE100A604804F02BFA10EE2D
:105D0000100A6860B7F90C0000EE100AD4F83501EB
:105D1000F8EEC00A00EE100A594804F01BFA10EE23
:105D2000100A2861BDEC088BBDE8F081286806F0F8
:105D300055F941EC100B9FED538BB0EE484AF0EE55
:105D4000684A9FED529BB0EE493AF0EE693A9FEDFA
:105D500051ABB0EE4A2AF0EE6A2A9FED50BBB0EE8E
:105D60004B1AF0EE6B1A04F0D9F851EC100B05F059
:105D70001BFD4C4E3060D4F8830006F02FF941EC47
:105D8000100BB0EE484AF0EE684AB0EE493AF0EE39
:105D9000693AB0EE4A2AF0EE6A2AB0EE4B1AF0EEFB
:105DA0006B1A04F0BBF851EC100B05F0FDFC00EE93
:105DB000900A3D48C6ED010A96ED000A04F00EF97E
:105DC00010EE100AA860B7F9021000EE101AF8EEF3
:105DD000C00A00EE100A294804F0BCF910EE100ABF
:105DE0006860E86806F0FAF841EC100BB0EE484A3B
:105DF000F0EE684AB0EE493AF0EE693AB0EE4A2A5F
:105E0000F0EE6A2AB0EE4B1AF0EE6B1A04F086F848
:105E100051EC100B05F0C8FC3060D4F8170106F007
:105E2000DDF841EC100BB0EE484AF0EE684AB0EEF7
:105E3000493AF0EE693AB0EE4A2AF0EE6A2AB0EE3C
:105E40004B1AF0EE6B1A04F069F851EC100B05F0E8
:105E5000ABFC00EE900A1548C6ED010A96ED000A6B
:105E600004F0BCF810EE100A6861B7F90C1000EEEF
:105E7000101AF8EEC00A4DE76C4C00208446002052
:105E80005447002000000040FB2109400000004072
:105E9000FB2109C0000000000080664000000000F7
:105EA000008066C0E0010020B8460020884700203E
:105EB0002DE9F04106002DED088B7CD05A4C20686E
:105EC00006F08CF841EC100B9FED588BB0EE484A71
:105ED000F0EE684A9FED579BB0EE493AF0EE693A12
:105EE0009FED56ABB0EE4A2AF0EE6A2A9FED55BB05
:105EF000B0EE4B1AF0EE6B1A04F010F851EC100BE8
:105F000005F052FC514DA860D6F88B0006F066F8FB
:105F100041EC100BB0EE484AF0EE684AB0EE493A58
:105F2000F0EE693AB0EE4A2AF0EE6A2AB0EE4B1A69
:105F3000F0EE6B1A03F0F2FF51EC100B05F034FC9D
:105F400000EE900A4248C5ED030A95ED020A04F0FE
:105F5000A1F810EE100A04F11807A060B7F90210BA
:105F600000EE101AF8EEC00A00EE100A394804F0EC
:105F7000F1F810EE100A6060E06806F02FF841ECCE
:105F8000100BB0EE484AF0EE684AB0EE493AF0EE37
:105F9000693AB0EE4A2AF0EE6A2AB0EE4B1AF0EEF9
:105FA0006B1A03F0BBFF51EC100B05F0FDFBA86072
:105FB000D6F81F0100E033E006F010F841EC100BBA
:105FC000B0EE484AF0EE684AB0EE493AF0EE693A6F
:105FD000B0EE4A2AF0EE6A2AB0EE4B1AF0EE6B1AD7
:105FE00003F09CFF51EC100B05F0DEFB00EE900A75
:105FF0001948C5ED030A95ED020A04F04BF810EEBE
:10600000100A6061B7F90C1000EE101AF8EEC00A21
:1060100000EE100A114804F09DF810EE100A2061FD
:10602000BDEC088BBDE8F0816C4C00200000004006
:10603000FB21094000000040FB2109C000000000D6
:1060400000FFBF400000000000000000E001002051
:1060500020470020EC460020F0470020BC470020ED
:10606000FEE700B590ED000AD0ED010A20EE000A2F
:1060700000EEA00AD0ED020A00EEA00A00F0C8F976
:10608000D0ED000A80EE801A80ED001AD0ED010AF2
:1060900080EE801A80ED011AD0ED020A80EE801A9F
:1060A00080ED021A00BD00000148FCF7C3B90000F2
:1060B000386700202DE9F041066805460C46306C33
:1060C00006EB4411D1F8083B95F806C04FF40047A1
:1060D0004FF0200E05F29C42BCF1010F08D0DFF812
:1060E00098C0604538D1180431D5C1F8087B3FE02D
:1060F000224E5FEA037C04D5B04239D91804F4D4A7
:1061000036E05FEA836C02D5C1F808EB30E013F0AB
:10611000280F2DD1B04201D91804E6D404EBC400F5
:1061200005EB8000D1F8101BD0F87432C1F31201D6
:10613000591AC0F8681200F51570ACB903691BB1A3
:10614000C2681144C1600FE0012128680AE0980686
:106150000AD5C1F808EB07E034B9D5F8640218B9DC
:106160000021304602F026F8E1B22846FCF74AF852
:106170000020BDE8F08100000A31544F0A30544F2E
:106180002DE9F84F0E4601EBC60100EB8104814674
:10619000D0F80080D4E909101434884202D90120D3
:1061A000BDE8F88F081AA168814200D20846C01CD9
:1061B000870808EB461A15E0451AA068A84200D2E5
:1061C0000546E81C870899F806000090ABB2F2B2C9
:1061D0004046E16802F02CFBE0682844E06060691A
:1061E00028446061DAF8180980B2B84205D3D4E9CE
:1061F0000401814201D20028DED1D4E904018842A1
:1062000008D806F00F0101208840D8F834188143DF
:10621000C8F834180020C3E770B506462225284682
:10622000FAF7A6F8044620223146FAF76EF94FF63F
:10623000FF7220212046FAF7DBFF84F82000000AD5
:1062400084F8210029462046FAF774FD2046BDE86F
:106250007040FAF7BCB8000030B5144C23685D6993
:1062600045F040055D612368DC6844F01004DC60A3
:106270000F4C23681D6825F001051D6023681D680B
:10628000ED07F7D125680B4BAB602368D860206819
:106290000161206842602068016841F4802101604A
:1062A0002068016841F00101016030BDEC0600206A
:1062B0003C08002004480040F8B515460E460B4641
:1062C000009204460122022100F02CF8A0B91348E4
:1062D00013490068B0FBF1F04FF47A714843009025
:1062E0006068B0F5827F0DD13346002280212046C0
:1062F000009500F017F870B1606D40F02000606507
:106300000320F8BD009830B1401E009020688068DE
:10631000C0430006F6D50020F8BD00002400002090
:1063200000366E012DE9F8431E4691468846044624
:10633000089DFBF78FFE401B351AFBF78BFE0746C7
:1063400026480068C0F3CB3068430AE0701C09D0CF
:10635000FBF780FEC01BA8420FD275B10098B8B3FE
:10636000401E00902068816838EA010033D0002088
:106370004845EBD10020BDE8F8832068416821F052
:10638000E00141606068B0F5827F0BD1A068B0F594
:10639000004F02D0B0F5806F04D12068016821F071
:1063A00040010160A06AB0F5005F09D12068016872
:1063B00021F4005101602068016841F4005101603E
:1063C000012084F85100002084F850000320D2E717
:1063D000FFE70025C6E70120CAE7000024000020EF
:1063E0000178407841EA0020704700005A2101708E
:1063F0004178064A21F0280141F0100141701168EE
:10640000C0F806109168C0F80A1070476C4600206A
:10641000B0EE401AB5EEC01AF1EE10FA02D89FEDB8
:10642000120A7047DFED110AB6EE000AF0EE002AFC
:1064300061EE201A21EE000AB1EE612AF0EE410A67
:1064400060EE223A50EE000A80EEA33AF4EEE10A42
:1064500030EE430AF1EE10FAF0DCF4EEC20AF1EE8F
:1064600010FAEBD370470000000000006F12833A6F
:10647000FFF7F6FB642003F07BFDFBE710B5FBF7AD
:10648000EFFD04F0EFFF012803D0BDE8104004F059
:106490001DBD10BD30B593B030216846FAF7CEF877
:1064A00014210CA8FAF7CAF81D480025016841F02C
:1064B00080510160006800F0805011901948016817
:1064C00041F4804101600068022400F48040119092
:1064D00001200090000401908001CDE906400620D3
:1064E0000890A820CDE9090407200B906846FCF726
:1064F0005BFC08B172B6FEE70CA90F2081E8310001
:106500004FF4A0500F904FF48050109005210CA82C
:10651000FCF758FB002801D072B6FEE713B030BD7F
:1065200040380240007000400248016841F47001A8
:106530000160704788ED00E00148FDF7E0B8000019
:1065400014060020F0B50268274D284E284FDFF8CA
:10655000A4C0294B4FF0804EA84209D0704507D007
:10656000B04205D0B84203D0604501D0984203D173
:1065700022F070044A682243A8421BD0704519D00B
:10658000B04217D0B84215D0604513D0984211D010
:106590001A4CA0420ED01A4CA0420BD0194CA0426B
:1065A00008D0194CA04205D0184CA04202D0184C7B
:1065B000A04203D122F44074CA6822434C6922F0FD
:1065C000800222438C68C4620C688462A84201D0B5
:1065D000984201D109690163016841F00401016039
:1065E000012141610260F0BD000001400004004053
:1065F00000080040000C0040000401400040014041
:10660000004401400048014000180040001C0040C8
:106610000020004010B501F01F010123046A8B40E7
:106620009C430462036A8A401343036210BD10B5A1
:10663000846842EA032224F47F440A4322438260AE
:1066400010BD826822F070020A4342F007018160A7
:1066500070470000F0B5026A036A23F00103036289
:1066600043688469114E24F073050C68104F2C4365
:1066700022F002058A682A43B04201D0B84205D10F
:1066800022F00805CA682A4322F00402B04201D071
:10669000B84205D14D6923F440731D438B692B43E8
:1066A00043608461496841630262F0BD00000140BB
:1066B00000040140F0B5026A036A23F0100303628C
:1066C000436884690D6824F4E64444EA05248D682F
:1066D00022F0200242EA05120F4D104EA84201D0CE
:1066E000B04206D1CF6822F0800242EA071222F0BF
:1066F0004002A84201D0B04207D14D6923F4406363
:1067000043EA85038D6943EA8503436084614968F0
:1067100081630262F0BD00000000014000040140FE
:10672000F0B5026A036A23F4807303624368C469A4
:1067300022F4007224F073050C68124E2C438D680D
:1067400042EA05220E4DA84201D0B04206D1CF68E0
:1067500022F4006242EA072222F48062A84201D0B9
:10676000B04207D14D6923F4405343EA05138D69C4
:1067700043EA05134360C4614968C1630262F0BD26
:10678000000001400004014030B5036A026A22F4AF
:10679000805202624268C4690D6824F4E64444EA07
:1067A00005248D6823F4005343EA0533084DA842BD
:1067B00002D0084DA84204D14D6922F4804242EA39
:1067C00085124260C46149680164036230BD000003
:1067D000000001400004014010B5046A036A23F080
:1067E00001030362836923F0F00343EA021324F0F8
:1067F0000A020A438361026210BD10B5036A046A8B
:1068000024F010040462846923F0A00324F470448B
:1068100044EA023243EA01118261016210BD10B5FF
:10682000806B0021C185FDF79BF910BD70B5846BAD
:106830002068406994F84110C0F3C0100025212958
:1068400004D118B1E584204600F0B4F8206840690E
:1068500094F84210C0F38010222904D118B1E585C4
:10686000204600F080F8606C40F010006064204624
:10687000FDF776F970BD10B50146806B09680968AF
:106880004FF00003C9052ED4C38501680C3151E8CF
:10689000002F22F4807241E80024002CF5D1016819
:1068A000143151E8002F22F0010241E80024002CAD
:1068B000F5D10168143151E8002F22F0400241E87F
:1068C0000024002CF5D1202180F84210016B012911
:1068D00009D101680C3151E8002F22F0100241E883
:1068E0000024002CF5D14363016B012902D0FDF790
:1068F000C9FB10BD818DFDF7EFF810BD10B5806BA1
:1069000001214163016B012902D0FDF7BCFB10BDE1
:10691000818D4908FDF7E0F810BD10B50146806B88
:1069200009680968C90516D40021C18401681431B9
:1069300051E8002F22F0800241E80023002BF5D11E
:1069400001680C3151E8002F42F0400241E8002379
:10695000002BF5D110BDFDF72BFC10BD10B5806BE1
:10696000FDF727FC10BD01680C3151E8002F22F41F
:10697000907241E80023002BF5D10168143151E8F1
:10698000002F22F0010241E80023002BF5D1016B1A
:10699000012909D101680C3151E8002F22F01002C1
:1069A00041E80023002BF5D1202180F8421000217E
:1069B0000163704701680C3151E8002F22F0C002DA
:1069C00041E80023002BF5D1202180F841107047C9
:1069D00008B590F84210222901D0022008BD816834
:1069E0004FF48053994201D1026922B1826A9942DF
:1069F0001BD049B10AE00268816A5268C2F30802FA
:106A00000A80816A891C08E0016971B101684968DE
:106A100001F07F011170816A491C8162C18D491E9C
:106A20000904090CC18503D01BE001684968F1E73E
:106A30000168CA6822F02002CA600168CA6822F4AC
:106A40008072CA6001684A6922F001024A6120210D
:106A500080F8421000214163026B012A03D0FDF748
:106A600011FB002008BD016301680C3151E8002FC3
:106A700022F0100241E80023002BF5D101680A68DA
:106A8000D20602D50A6849680091818DFDF724F885
:106A9000E7E7000070B5044600680169E26821F488
:106AA000405111430161A1682069E26901436069B5
:106AB000104301432068C26849F20C639A430A43B9
:106AC000C26020684169A26921F4407111434161AB
:106AD00031492068884202D03049884202D1FCF70F
:106AE00021F901E0FCF70EF9E26900231921642580
:106AF0003226B2F5004F626828D0A0FB0101930F47
:106B00009200F9F78BFC0146B0FBF5F06FF018022C
:106B1000504301EB800006EB0010B0FBF5F000F0F5
:106B2000F002B1FBF5F002EB0012B1FBF5F06FF0F3
:106B30001803584301EB800006EB0010B0FBF5F0A2
:106B400000F00F0021681044886070BDA0FB0101B7
:106B500092185B41F9F762FC0146B0FBF5F00201C7
:106B6000B1FBF5F06FF01803584301EB800006EB22
:106B7000C000B0FBF5F000F0F80002EB4002B1FB02
:106B8000F5F0584301EB800006EBC000B0FBF5F0D8
:106B900000F00700D6E7000000100140001401409B
:106BA00037B582B01346039A82620446838500207B
:106BB0006064222184F84210E56B1F49E963E56BAC
:106BC0001E492964E56B1E49E964E16B086521688B
:106BD000E06B091DFBF706F938B110206064202036
:106BE00084F84200012005B030BD2068016840688B
:106BF0000090206948B120680C3050E8001F41F433
:106C0000807140E80012002AF5D12068143050E865
:106C1000001F41F0010140E80012002AF5D1206870
:106C2000143050E8001F41F0400140E80012002AF3
:106C3000F5D10020D7E7000077680008FD6800085C
:106C40002D6800082DE9F8431F4690460D4604467E
:106C5000089E23E0701C21D0FBF7FCF9C01BB0425A
:106C60001AD8CEB12068C168490717D5802D15D034
:106C7000402D13D00168C94309070FD401680025CE
:106C8000406800902046FFF76EFE0820606484F89C
:106C900040500120BDE8F8830320FBE7206800682E
:106CA00035EA000004D000204045D3D00020F1E7B1
:106CB0000120F9E70148FCF755BF0000A4060020B9
:106CC000204882B000680168890604D501684068E0
:106CD000009002B070471C490968C906F9D50168DF
:106CE00040681A4A009010680168194B090301684E
:106CF00021F00101016010684168C1F1240189B2ED
:106D000019800ED4036843F40023036010680268FE
:106D100042F0010202601229DBD10E4901F120008C
:106D20000DE00D4A936A23F400239362026842F057
:106D3000010202601229CCD1064901F1440002B0DF
:106D400003F02ABDEC060020004800403C0800206B
:106D5000D8010020044C0020006002400148FCF7EC
:106D600001BF0000340700202DE9F0410D46D0F8A6
:106D7000D412D0F8C86200EB8101D1F8C01229B357
:106D800005F00F0303EB830200EB82020027546936
:106D90004CB103EBC30306EB8303DB69B4FBF3F6EF
:106DA00003FB1643A3B1C1F81472D0F8D42200EB50
:106DB0008200D0F8C40203692BB1D1F808022A4638
:106DC00001F5047198470020BDE8F0810320FBE73E
:106DD000002357611A46294600F0C9FDF3E770B554
:106DE0000546D0F8D40205EB8000D0F8C04294B13B
:106DF000284600F09BFCC4F80C02D5F8D412D4F855
:106E0000040205EB8101D1F8C412CA6804F50371CC
:106E10009047002070BD032070BD000070B5234D69
:106E20000446297800F0C2FB2878002600F00F0005
:106E300000EB800004EB800080F823606978204636
:106E400000F0B4FB687800F00F0000EB800004EB6A
:106E5000800080F86361A978204600F0A7FBA8783D
:106E600000F00F0000EB800004EB800080F823604E
:106E7000C661D4F8D40204EB8000D0F8C01299B1F6
:106E8000D0F8C40240688047D4F8D40204EB8000F4
:106E9000D0F8C00200F094FFD4F8D40204EB8000D4
:106EA000C0F8C062C4F8BC62002070BD740200204B
:106EB00010B5D0F8D41200EB8100D0F8C04284B1F4
:106EC000D0F8C41259B194F80002FF2807D08B689B
:106ED00094F8012221469847FF2084F80002002000
:106EE00010BD032010BD00000A210180004870473A
:106EF0007802002070B5064682210C4800F0D9FACD
:106F000005460121094800F0D4FA044681210748CA
:106F100000F0CFFA0DB11021A971402104B1A18078
:106F200000B1818043203080004870BD8402002081
:106F300070B5064682210D4800F0BBFA05460121D6
:106F40000A4800F0B6FA04468121084800F0B1FA78
:106F50000DB11021A9714FF4007104B1A18000B1ED
:106F6000818043203080014870BD000084020020F1
:106F700070B5064682210C4800F09BFA05460121B7
:106F8000094800F096FA04468121074800F091FA7A
:106F90000DB11021A971402104B1A18000B18180FF
:106FA00043203080004870BD840200202DE9F04766
:106FB00004464FF40776304600F004FF05004FF01A
:106FC000000865D03146F9F739FBD4F8D4023E4EBB
:106FD00004EB80004FF01009C0F8C052C4F8BC5256
:106FE000207C4FF4007A0127E8B340230222317855
:106FF000204600F006FC3078402300F00F0000EB44
:10700000800004EB800080F8237002227178204613
:1070100000F0F7FB7078082300F00F0000EB800011
:1070200004EB8000032280F86371B07800F00F0059
:1070300000EB800004EB8000C0F81C90B178204683
:1070400000F0DFFBB07800F00F0000EB800004EBF5
:10705000800080F82370C5F80482D4F8D402474633
:1070600004EB800000E01BE0D0F8C40205F50175D8
:10707000006880472F616F612A687AB1207C00B375
:1070800040237178204600F0C8FB0020BDE8F0875F
:10709000D4F8D41204EB8101C1F8C0820220F5E7D4
:1070A000534602223178204600F0ABFB307853463D
:1070B00000F00F0000EB800004EB800080F82370EC
:1070C000A3E75346DDE700007402002010B5D0F8B6
:1070D000D41200EB8101D1F8C01259B1027C084CE6
:1070E000002AD1F8042207D04023617800F095FBF4
:1070F000002010BD032010BD4FF40073F5E7000021
:107100007402002039B1D0F8D42200EB8200C0F81C
:10711000C4120020704703207047D0F8D42200EB3F
:107120008200D0F8C00218B1C0F8041200207047E5
:1071300003207047D0F8D43200EB8300D0F8C002AF
:1071400028B1C0F81022C0F80812002070470320B0
:1071500070472DE9FC410646D0F8D4020C4606EBF8
:1071600080000021D0F8C0728DF80010ADF8041036
:107170000D4637B1217811F060022FD0202A4BD173
:1071800002E00320BDE8FC81E288F2B109060DD5DA
:10719000D0F8C40294F801C0394683686046984725
:1071A000E288072A00D9072239462DE0607887F85F
:1071B0000002E088402800D34020C2B287F80122B4
:1071C0003946304600F058F82BE0D0F8C402667813
:1071D0000022836821463046984722E0607830B12B
:1071E00001281ED00A2809D00B2815D110E096F8E6
:1071F0009C02032810D1022201A905E096F89C0206
:10720000032809D101226946304600F051F808E010
:1072100096F89C02032804D02146304600F021F85D
:1072200003252846AEE710B5D0F8B82200245268EE
:10723000904700B10324204610BD00207047002075
:107240007047134610B50A46002100F0E6FA002008
:1072500010BD134610B50A46002100F088FB00203F
:1072600010BD10B50446802100F062FB2046BDE849
:107270001040002100F05CBB10B50323C0F894322D
:10728000C0F85421C0F858211346C0F864110A46CA
:10729000002100F0C2FA002010BD10B50521C0F891
:1072A000941200231A46194600F0B7FA002010BDC8
:1072B00010B50223C0F894324261826113464162E4
:1072C0000A46002100F053FB002010BD10B5042138
:1072D000C0F8941200231A46194600F048FB00201B
:1072E00010BD000010B50A46024903A000F00FF9D6
:1072F000004810BD1853002043444320436F6E667E
:107300006967000012200880004870472C020020A6
:1073100010B50A46024903A000F0F9F8004810BD74
:107320001853002043444320496E746572666163BC
:1073300065000000042008800048704728020020F3
:1073400010B50A46024903A000F0E1F8004810BD5C
:107350001853002053544D6963726F656C656374F4
:10736000726F6E696373000010B50A46024903A08C
:1073700000F0CDF8004810BD1853002053544D3391
:1073800032205669727475616C20436F6D506F7254
:107390007400000010B51A2008800A480168001D1A
:1073A0000468001D0068081809D008220649FDF786
:1073B00059FE0549042210312046FDF753FE0248CC
:1073C000801E10BD107AFF1F42020020F8B504464F
:1073D0000020ADF8000048880D46010A08295FD258
:1073E000DFE801F05E0409175E5E3D45D4F8B41293
:1073F000207C0A6819E0207C02260028D4F8B80214
:1074000005D0C16A684688470146467039E0816AFE
:10741000F8E7C0B2062843D2DFE800F0030B1115ED
:10742000191DD4F8B402426806E069469047014647
:1074300027E0D4F8B40282688AB3207CF5E7D4F858
:10744000B402C268F8E7D4F8B4020269F4E7D4F8E9
:10745000B4024269F0E7D4F8B4028269ECE7207C18
:10746000E8B9D4F8B802416B68468847DFE7207C6A
:10747000A8B9D4F8B802016B6846884701460720CE
:107480004870EA888AB1BDF8000040B1824200D954
:107490000246ADF800202046FFF70AFFF8BDFFE7DF
:1074A00029462046FFF7DDFEF8E72046FFF70EFFEE
:1074B000F4E778B50E4642880178002405468A42F2
:1074C00012D9ADF800100AE0694600F019F84178C9
:1074D000052904D181780446B14205D00024698889
:1074E000BDF800209142EFD8204678BD002102E08F
:1074F000491CC9B2401C0278002AF9D108467047DD
:107500000A8803781A440A8001780844704770B5E5
:1075100016460D46002820D00446FFF7E7FF02215B
:1075200001EB40014FF40070814204D82046FFF780
:10753000DDFF4000801C30803078287003206870A8
:107540000220002206E02954401CC0B22A54401CEC
:10755000C0B2641C21780029F5D170BD01004FF044
:10756000000004D0012901D0022901D00320704776
:107570000120704778B10023C0F8B832C0F8C43297
:10758000C0F8D03209B1C0F8B412012180F89C12C1
:10759000027000F0CFB80320704710B5D0F8C802D1
:1075A000FAF772FEBDE81040FFF7D8BF10B5D0F86B
:1075B000C802FAF744FEBDE81040FFF7CFBF70B530
:1075C0000446002521B194F89C02032846D050E0DF
:1075D000D4F8941204F11400022939D18189426847
:1075E0008A420AD9511A41608289016911440161B4
:1075F00042682046FFF72DFE0FE0914214D100684B
:10760000884211D3D4F8981288420DD20022114634
:107610002046FFF71EFEC4F8985200231A4619466A
:10762000204600F0FAF813E094F89C02032808D1F1
:10763000D4F8B802C16821B1C4F8D452C168204658
:1076400088478021204600F073F92046FFF725FE89
:1076500094F8A00268B184F8A0520AE0D4F8B80205
:10766000426932B1C4F8D45242692046904700289A
:1076700000D1002070BD10B50446002221B194F85D
:107680009C02032834D03EE0D4F8941204F5AA708A
:10769000032938D18389416899420ED9C91A4160BA
:1076A00001699AB211440161426898B2824200D8DD
:1076B00002462046FFF7C5FD25E094F8AA0210F027
:1076C0001F0003D0012802D0022800D0002294F825
:1076D0009C02032808D1D4F8B802016921B1C4F88A
:1076E000D4220169204688472046FFF7EFFD0AE0D3
:1076F000D4F8B802836933B1C4F8D4228269204631
:107700009047002800D1002010BD0020704710B520
:107710000024012180F89C12D0F8B82222B15268CE
:107720000179904700B10324204610BDD0F8C8026B
:10773000FAF7D7BD10B5017839BB15490222C1F857
:10774000E004C0F8C8124FF0A0400860042008719F
:10775000CA71002088714A728872C872087388736F
:10776000C8730846FBF714F908B1F9F73EFD80210C
:107770000748FAF714FD402200210548FAF713FDE7
:10778000802201210248FAF70EFD002010BD000002
:10779000386700200A0601F07F01D0F8C80201EB2B
:1077A000C10100EB810001D5807D704790F8560241
:1077B000704710B5D0F8D42200EB8202D2F8B8227C
:1077C00022B190F89C32032B02D004E0032010BDBC
:1077D000126A02B19047002010BD10B5D0F8D42233
:1077E00000EB8202D2F8B82222B190F89C32032B2F
:1077F00002D004E0032010BD526A02B1904700207D
:1078000010BD10B51C461346D0F8C8022246FAF740
:1078100071FDBDE81040FFF7A1BE10B5D0F8C80259
:10782000FAF799FDBDE81040FFF798BE2DE9F04149
:1078300000250126044680F89C62C4F894526560D5
:10784000C4F8A45280F8A052D0F8B80230B142680F
:1078500022B100212046904700B103250022402399
:1078600011462046FFF7CDFF402784F86361A4F856
:1078700060713B46002280212046FFF7C2FF84F85A
:10788000236027842846BDE8F08190F89C120429E3
:1078900003D190F89D1280F89C120020704710B51B
:1078A00090F89C12032905D1D0F8B81211B1C9691A
:1078B00001B18847002010BD01740020704710B549
:1078C000D0F8C802FBF72AF9BDE81040FFF746BE22
:1078D00070B5044600F2AA20054600F051F80120D8
:1078E000C4F89402B4F8B002C4F8980294F8AA223A
:1078F00012F01F000AD001280ED0022812D0204614
:10790000BDE8704002F0800100F012B82946204620
:10791000BDE8704000F0D2B829462046BDE870406E
:1079200000F015BA29462046BDE8704000F05CB969
:1079300010B5D0F8C802FAF72AFDBDE81040FFF7ED
:107940000DBE10B5D0F8C802FBF702F9BDE8104033
:10795000FFF704BE90F89C12042903D090F89C1203
:1079600080F89D12042180F89C120020704710B509
:10797000D0F8C802FAF744FDBDE81040FFF7EEBDAD
:1079800070B5044611F8010B207011F8010B6070FE
:107990000D460846FEF724FDA91C60800D460846EA
:1079A000FEF71EFDA080A81CFEF71AFDE08070BD4A
:1079B00038B504460020ADF80000A1B1C4F8B812F3
:1079C000D4F8D40204EB8000D0F8B802C16A19B12F
:1079D00068468847C4F8D002D4F8D802401CC4F8DE
:1079E000D802002038BD032038BD03460020D3F85C
:1079F000B822002A02D012681846104770470000CB
:107A00002DE9F04188462B4E8978002504463170D7
:107A1000012906D941462046FFF723FC0320BDE893
:107A2000F08194F89C02022702280CD003281DD074
:107A300041462046FFF715FC31782046FFF7F3FB5F
:107A400003252846EBE789B320466160FFF7CDFFA9
:107A5000050004D041462046FFF703FC1DE0204608
:107A6000FFF734FC032084F89C02EAE7C1B16068A8
:107A700088421BD0C1B22046FFF7D5FB31782046A3
:107A80006160FFF7B2FF050010D041462046FFF7C6
:107A9000E8FB21792046FFF7C6FB84F89C72D0E70B
:107AA00084F89C7220466160FFF7BDFB2046FFF71B
:107AB0000DFCC6E770020020FFF743BF2DE9F0413F
:107AC0000A78002612F060020CD0202A01D0402A49
:107AD0007DD1D0F8D42200EB8202D2F8B82292688D
:107AE000904731E04A78002301250A2A6FD2DFE867
:107AF00002F041666E586E08056E2D29FFF766FC90
:107B000067E004468888D8B9C888C8B948888028FA
:107B100016D200F07F0794F89C02032810D084F856
:107B20009E7239462046FFF7CAFE2046FFF7CEFB7D
:107B30001FB1022084F89C024BE084F89C5248E07C
:107B4000204644E0FFF75CFF064642E0CA88012A6F
:107B50003DD190F89C22012A04D0022A02D0032AA7
:107B600035D104E0012200F10801836016E0012212
:107B7000011D13E090F89C22012A03D0022A01D0B3
:107B8000032A24D1CA88022A21D1C560D0F8A412C0
:107B900009B10321C160022200F10C01FFF788FB4B
:107BA00017E04A88012A02D0022A03D00FE0C0F869
:107BB000A45216E08988090A80F8A01211E090F812
:107BC0009C22012A08D0022A06D0032A04D0FFF7FB
:107BD00048FB3046BDE8F08149880129F9D1C0F859
:107BE000A432FFF773FBF4E72DE9F041054608786E
:107BF0000C790E464FF0000810F060000BD02028E2
:107C000001D040286BD121462846FFF716FBFF28FC
:107C100000D0D8B398E07078C8B3012824D00328E6
:107C20005DD195F89C02022802D0032857D10CE0C0
:107C3000002C54D0802C52D021462846FFF778FEE5
:107C400080212846FFF774FE7EE0708840B93CB181
:107C5000802C05D0C88818B921462846FFF768FE51
:107C60002846FFF733FB6FE095F89C020228DFD02F
:107C7000032866D1708888BB600603D02146284659
:107C8000FFF78BFC2846FFF721FBBCE700E00AE08A
:107C9000C5F8D402D5F8B8028268FAB13146284650
:107CA0009047804650E095F89C020027022802D0B9
:107CB000032846D114E00CB1802C42D1200604F0F8
:107CC0007F0000EB800005EB800101D5143101E05D
:107CD00001F5AA71022201F80E7F2EE034E030E0B7
:107CE000200604F00F0000EB800005EB80000AD5B1
:107CF00090F8230028B304F07F0000EB800005EB30
:107D0000800614360AE090F86301D0B104F07F00D9
:107D100000EB800005EB800606F5AA764CB1802CBE
:107D200007D021462846FFF735FD10B10120B0737A
:107D300000E0B773022206F10E012846FFF7B8FAF9
:107D400002E02846FFF78DFA4046BDE8F08170B5A5
:107D50000546087800240E4610F0600003D0202865
:107D600001D0402827D195F89C02012803D0022891
:107D700001D003281FD1B088C1B201291AD8C1B2DD
:107D80002846FFF75CFAFF280CD058B9D5F8B8128E
:107D90008A683AB1C5F8D4028A68314628469047C5
:107DA000044600E00324F088204307D12846FFF76B
:107DB0008DFA03E031462846FFF753FA204670BD9E
:107DC00070470000004870471865002070B50A78B9
:107DD000012302F00F054E78AB401B4CD0F81C5825
:107DE000012E17D045EA0343C0F81C3800EB4210BF
:107DF000D0F8002B12040BD4D0F8002B0B89097992
:107E0000C3F30A031A4344EA81410A43C0F8002B32
:107E1000002070BD9BB21D43C0F81C5800EB4210FF
:107E2000D0F800391B04F3D4D0F800390D89097952
:107E3000C5F30A0589042B4341EA82510B432343CE
:107E4000C0F80039E4E7000000800010D0F8001905
:107E50006FF30A01C0F80019D0F8041841F48071DA
:107E6000C0F804180020704770B50D460446C2F3F0
:107E7000072004991E4601281BD0E06840F040000E
:107E8000E060204600F032F8C6F307210029A16B1C
:107E900026D021F48031A163C5F30741012907D120
:107EA000A16841F00601A160A16841F02001A16034
:107EB00070BDA06B20F48030A063E0680A4A1040D7
:107EC000E060E06820F44010E060C8B2012803D10F
:107ED000E06840F48010E060204600F007F8DBE73F
:107EE00041F48031D7E70000BFFFBDFF08B5002196
:107EF0004FF0706200910099491C0091914210D896
:107F000001690029F7DA0A210091491E0091FCD18C
:107F1000016941F0010101610099491C0091914200
:107F200001D9032008BD0169C907F5D1002008BDAA
:107F300070B54C780A78012300EB4212012C2DD049
:107F4000D2F8004B002C0BDAD2F8004B44F000645E
:107F5000C2F8004BD2F8004B44F08044C2F8004B0A
:107F6000D0F83C480D781E4605F00F05AB4024EADA
:107F70000343C0F83C38D0F81C48097801F00F01E1
:107F800006FA01F324EA0341C0F81C18D2F8000BEA
:107F900019490840C2F8000B002070BDD2F8004912
:107FA000002C0BDAD2F8004944F00064C2F8004912
:107FB000D2F8004944F08044C2F80049D0F83C4867
:107FC0000D7805F00F061D46B3409BB29C43C0F8E8
:107FD0003C48D0F81C48097801F00F0105FA01F37C
:107FE00099B28C43C0F81C48D2F8000903490840F4
:107FF000C2F80009D0E700000078F3EF007833EC16
:10800000D0F8001E21F00301C0F8001ED0F80418BB
:1080100021F00201C0F8041800207047D0F8001EBB
:1080200021F00301C0F8001ED0F8041841F002014D
:10803000C0F80418002070472DE9F04F00260446D0
:108040000F4692463046354604EB8001C1F8045194
:10805000401C0F28F8D3C3F307405FEA000B20460B
:1080600013D0806B20F40011A163A06B40F40021B9
:10807000A163C4F8005ECAF30720012817D0D4F822
:108080000018204641F0030118E0D0F8040840F041
:108090000201C4F80418A06B40F40011A163A06BA6
:1080A00020F40021A163A06B20F48021E0E7380ECA
:1080B000D4F80018204601D041F00101C0F80018A2
:1080C000102100F087FA00B10126204600F066FA80
:1080D00000B10126C4F81058C4F81458C4F81C584C
:1080E00000204FF0006C4FF090434FF67F39FAB20A
:1080F00014E004EB4011D1F80089B8F1000F06DA62
:1081000010B1C1F8003904E0C4F800C901E0C1F8B9
:108110000059C1F81059C1F80899401C8242E8D8AA
:10812000002014E004EB4011D1F8008BB8F1000FEF
:1081300006DA10B1C1F8003B04E0C4F800CB01E05E
:10814000C1F8005BC1F8105BC1F8089B401C82427B
:10815000E8D8D4F8100820F48071C4F81018A5618C
:108160006FF080406061C7F3074018B9A06940F024
:108170001000A061A0690A490843A061CAF3074042
:1081800018B1A06940F00800A061BBF1010F03D154
:10819000A06904490843A0613046BDE8F08F0000A3
:1081A00000383C8004000040816821F001018160BA
:1081B0000020704710B5036C134CA34203D9D0F8CC
:1081C000003B002B1EDB0023C0F8103BD0F8103B17
:1081D00043F40023C0F8103BD0F8103B43F01803E1
:1081E000C0F8103BD0F8103B43F0C043C0F8103B40
:1081F000012907D1C0F8142BD0F8001B41F08021D1
:10820000C0F8001B002010BD0A30544F4A780B788C
:10821000012A00EB43100BD0D0F8002B22F40012FF
:10822000C0F8002B0979032914D0022912D017E0D5
:10823000D0F8002922F40012C0F800290979032996
:1082400001D002290CD1D0F8001941F08051C0F8BA
:10825000001905E0D0F8001B41F08051C0F8001B68
:10826000002070470A784B78D1B200EB4110012B07
:1082700012D0D0F8001B002906DB2AB1D0F8001B71
:1082800021F08041C0F8001BD0F8001B41F4001120
:10829000C0F8001B00207047D0F80019002906DB49
:1082A0002AB1D0F8001921F08041C0F80019D0F8A7
:1082B000001941F40011C0F80019EBE7F8B50C788B
:1082C0004F788B4DE3B26FF0604600EB4313012F04
:1082D00029D0D3F8107B6FF31207C3F8107BD3F8C3
:1082E000107B2F40C3F8107B002C7DD00D69002D32
:1082F0007BD08C6825446D1EB5FBF4F5ADB26C43A4
:108300000C62D3F8104B06EAC5452C43C3F8104B5A
:10831000D3F8104B0D6AC5F312052C43C3F8104B6C
:10832000012A70D0CBE00F69EFB1D3F810796FF369
:108330001207C3F81079D3F810792F40C3F81079D9
:108340000CB30F698D682F447F1EB7FBF5F5D3F88A
:108350001079ADB206EAC5463743C3F810790E79F5
:10836000012E1CD02AE0D3F810692E40C3F8106902
:10837000D3F8105945F40025C3F81059D3F8105913
:108380006FF3120520E00E698D68AE4200D90D61D1
:10839000D0F8105945F40026C0F810690EE0D3F863
:1083A000106926F0C046C3F81069D3F810694FF081
:1083B000C04707EA45752E43C3F81069D3F8105932
:1083C0000E69C6F312063543C3F81059012A1BD0B3
:1083D00000EB4413D3F8004944F00444C3F80049C7
:1083E0000C79012C31D001E044E057E00A695AB31E
:1083F000D0F83428097801F00F03012199400A438D
:10840000C0F8342871E056E0CA691AB100EB441391
:10841000C3F81429097901290ED1D0F80818C90523
:1084200000EB4411D1F8002902D442F0005201E0DF
:1084300042F08052C1F8002900EB4410D0F8001936
:1084400041F00441C0F800194FE0D0F80848E405B5
:10845000D3F8004902D444F0005401E044F08054C1
:10846000C3F8004900920A8A93B20A78C96800F0FA
:10847000DFF93AE00C690CB18C680C618C680C6215
:10848000D0F8105BC4F312042543C0F8105BD0F899
:10849000104B44F40024C0F8104B41E7D3F8104BC4
:1084A0008D68C5F312052C43C3F8104BD3F8104B5D
:1084B00044F4002432E7CA680AB1C3F8142B0979DE
:1084C00001290CD1D0F80808C005D3F8000B02D45C
:1084D00040F0005001E040F08050C3F8000BD3F8AA
:1084E000000B40F00440C3F8000B0020F8BD000072
:1084F000FFFF07E038B5002200920B784D7800EBC3
:10850000431442F21073012D19D0D4F8005B002DF2
:108510003CDAD4F8005B45F00065C4F8005B0C78E9
:1085200000EB4414D4F8005B45F08045C4F8005BD0
:10853000009C641C00949C4221D9012226E0D4F8BE
:108540000059002D22DAD4F8005945F00065C4F82E
:1085500000590C7800EB4414D4F8005945F08045DC
:10856000C4F80059009C641C00949C42E5D80C7827
:1085700000EB4414D4F80049002CF3DB06E00C783F
:1085800000EB4414D4F8004B002CD1DB104638BD6E
:10859000816841F0010181600020704708B5002327
:1085A0004FF0706200930099491C009191420AD8E3
:1085B00001690029F7DA1021009301610099491C33
:1085C0000091914201D9032008BD0169C906F5D483
:1085D000002008BD18B500244FF070630094009A85
:1085E000521C00929A420CD80269002AF7DA202223
:1085F00042EA8111009401610099491C009199425D
:1086000001D9032018BD01698906F5D4002018BDE1
:10861000D0F8080810F0060004D0022803D006287D
:1086200001D00F20704702207047406900F0010020
:108630007047D0F81818D0F81C08084080B270476E
:10864000D0F81818D0F81C080840000C704710B576
:10865000D0F81038D0F8342801F00F0400EB4110A6
:10866000E24002F00102D0F8080943EAC2121040C9
:1086700010BD00EB4111D1F8081BD0F814080840D8
:108680007047416980690840704730B50346084625
:10869000940802F00301002203F5805303E01D68F3
:1086A00040F8045B521CA242F9D300290BD01C688D
:1086B0000022D50024FA05F3491E521C090400F8D3
:1086C000013B090CF5D130BD70B50546C0680024EA
:1086D00020F0C040E860012901D079B120E0E868CD
:1086E00040F00050E8600A20F9F7B4FB68690A34EA
:1086F00010F0010F10D1C82CF5D30DE0E86840F060
:108700008040E8600A20F9F7A5FB68690A3410F098
:10871000010F01D0C82CF5D3C82C01D0002070BDAA
:10872000012070BDD0F8002822F4FE62C0F80028B5
:10873000D0F800284FF4FE6303EA01110A43C0F8A1
:108740000028002070470000022A3ED1264A274B0D
:108750000A449A4201D20F2138E0254A254B0A44A7
:108760009A4201D20E2131E0234A244B0A449A4214
:1087700001D20D212AE0224A224B0A449A4201D218
:108780000C2123E0204A214B0A449A4201D20B21BA
:108790001CE01F4A1F4B0A449A4201D20A2115E0ED
:1087A0001D4A1E4B0A449A420FD31D4A1D4B0A44D0
:1087B0009A4201D2082109E01B4A11441B4A914206
:1087C00001D2072102E0062100E00921C26822F45B
:1087D0007052C260C2684FF4705303EA81210A43A9
:1087E000C260002070470000405327FF00350C0096
:1087F000401E1BFF40420F0000DC0BFF804F1200A9
:10880000808CF9FE20D6130060B6E5FE60E316000A
:1088100000D3CEFE40771B00C05BB3FEC0912100A9
:1088200000CA91FE20753800E05459FEE09C4100DA
:1088300010B5029C6CB9DB1C9C0800EB02300023D5
:1088400000F5805003E051F8042B02605B1CA3424A
:10885000F9D3002010BD0000F8B505460078144695
:108860000E46A52832D14FF6FF72A11E2846F8F712
:10887000BFFC2919C2B211F8023C9A4226D111F864
:10888000011CB1EB102F21D1224629463046F7F7C3
:108890003CFE114A1068002818D0EFF3058181B121
:1088A000002000906946106802F03EFC009868B114
:1088B0000A494FF080500860BFF34F8FBFF36F8FAE
:1088C00004E000231A46194602F07CFB21462846A4
:1088D000BDE8F840F7F790BE0000002004ED00E08E
:1088E000FEE700000B4B10B5094A198810EE100A7C
:1088F0005054491C89B2040A5454491C89B2040CCE
:108900005454491C89B2000E5054491C198010BDA2
:10891000FC0800202800002070B50D4D0B4A0024F3
:10892000298880235454491C89B25454491C89B263
:108930005354491C89B27F235354491C8AB22A805C
:10894000024900F007F82C8070BD0000FC080020F0
:1089500028000020FF23FBF797BB00000348417865
:1089600021F001014170FDF741BD000002500020DF
:108970000A4810B5006860B14FF0FF3102F022FCE8
:10898000074A0848916FC0F80A10516FC0F80610E6
:1089900010BDBDE810400A2002F000B90000002020
:1089A000984A002002500020FFF7D8FF124C134EC7
:1089B000134DFFF7DDFFF9F74DFBE061B6F902005B
:1089C00000EE100AB8EEC00A10EE100AC4F80E004D
:1089D000D5F8A100C4F81200286800EE100AB8EE1D
:1089E000C00A10EE100AC4F816000348FDF714FC84
:1089F000012002F0D3F8DCE702500020844C002074
:108A0000984C00204100080218BF04200A0E18BF2D
:108A100040F001004FF07F4232EA010108BF40F010
:108A20000200012808BF052070470907090E002829
:108A300004DB00F1E02080F80014704700F00F0024
:108A400000F1E02080F8141D7047000010B510EE12
:108A5000104A4FF01A402DED028B00EB4400B0F1AC
:108A6000C85F4AD84FF0FC40B0EB440F22D2B0EEC2
:108A7000C00AF7EE000A30EEC00AF6EE000A20EE59
:108A8000208A18EE100A01F079FF00EE100A14F0A7
:108A9000004F1DBF9FED281ADFED280AB1EE400AF6
:108AA0009FED271A08BFF0EE410AF8EE001A20EEFB
:108AB000210A05E020EE008A9FED221ADFED220A4E
:108AC000DFED221A9FED222A70EEC00A20EE080A7E
:108AD00008EE212ADFED1F1A48EE021A9FED1E2A2A
:108AE00008EE212ADFED1D1A48EE021ABDEC028BBA
:108AF00040EE610A30EE810A10BD4FF0CC40B0EB81
:108B0000440F82BF9FED160ABDEC028B10BD4FF0E3
:108B10007F40B0EB440F05D2BDEC028BBDE81040A6
:108B200000F07CBB0120F7F70AFEBDEC028BBDE82C
:108B3000104000F079BB00000000494022AA7D3AB5
:108B4000000000000000C93F22AAFD3924FE1C3DA0
:108B5000C78AD83C1E67383D1B93993DAFAA2A3E71
:108B6000DB0FC93F10B54FF00E402DED028BB0EE7C
:108B7000408A18EE104A00EB4400B0F1506F4AD81A
:108B80004FF0FC40B0EB440F22D2B0EEC80AF7EE33
:108B9000000A30EEC00AF6EE000A60EE208A18EEF7
:108BA000900A01F0EBFE01EE100A14F0004F1DBF19
:108BB000DFED2D0A9FED2D0AB1EE411ADFED2C0AF3
:108BC00008BF9FED2C0AF8EE001A21EE218A05E07D
:108BD000DFED290A68EE088AB0EE600A9FED271AD9
:108BE000DFED271A30EE080A48EE811A9FED251AAC
:108BF00008EEA11ADFED241A48EE811A9FED231A20
:108C000008EEA11A68EE281ABDEC028B01EE810A6B
:108C100030EE200A10BD4FF0E440B0EB440F0CD909
:108C200018EE100AFFF7EEFE042808BF00F004FB60
:108C3000B0EE480ABDEC028B10BD4FF07F40B0EBA8
:108C4000440F07D2B0EE480ABDEC028BBDE81040DD
:108C500000F0E4BA0120F7F772FDBDEC028BBDE82D
:108C6000104000F0E1BA00000000C9BF22AAFDB91F
:108C70000000C93F22AAFD390000000024FE1C3D6F
:108C8000C78AD83C1E67383D1B93993DAFAA2A3E40
:108C900070B54FF068422DED048BF0EE408A18EE6F
:108CA000900AB0EE608A18EE101A02EB4003B3F19E
:108CB000654F3CBF02EB4102B2F1654F7DD200BF70
:108CC000C0F3C753C1F3C7529A1A1B2A09DD10F02B
:108CD000004F14BF9FED830A9FED830ABDEC048B08
:108CE00070BD12F11A0F36DA11F0004F09D010F0F2
:108CF000004F0CBF9FED7D0A9FED7D0ABDEC048BFC
:108D000070BD88EE889A19EE100AFFF77BFE0428E2
:108D100008BF00F091FA18EE900AFFF773FE0546BF
:108D200018EE100AFFF76EFE044619EE100AFFF760
:108D300069FE042D18BF052D08D1042C18BF052C81
:108D400004D1002804BF0220F7F7F9FCB0EE490A6D
:108D5000BDEC048B70BD4200B2EB410F3AD910F06C
:108D6000004F19BFDFED630A9FED630ADFED630A71
:108D70009FED630AB0EE481A0A46B1EE688A80F0A9
:108D80000041F0EE418A10460A1A5200B2F1807F8B
:108D900034D2484010F0004FDFED5A1A9FED5A2AA6
:108DA0001DBFBEEE001A70EEE10A30EE420AB6EECA
:108DB000001A08BF70EEA10A00E040E008BF30EEE4
:108DC000020AB0EE682A01EE482A08EE818AC2EE55
:108DD000081A15E011F0004F04BF9FED4C0AF0EEA9
:108DE000400AD1D010F0004F19BFDFED490A9FEDC6
:108DF000490ADFED490A9FED490AC5E7C8EE881A1E
:108E000021EEA11A9FED462ADFED462A41EE022A05
:108E10009FED452A01EE222ADFED442A41EE022A87
:108E20009FED432ABDEC048B01EE222A21EE811A2C
:108E300001EE020A30EE210A30EE200A70BD4FF03A
:108E40007F42B2EB400F28BFB2EB410F09D2F0EEE8
:108E5000480AB0EE680ABDEC048BBDE8704000F033
:108E6000E0B940EA01035B0008BF41F0FF410BD0CD
:108E7000B2EB400F08BFB2EB410F08D120F08040A9
:108E800008EE900A21F0804108EE101A18E7B2EBC4
:108E9000400F12BF5FEA410340F0FF4001F0004184
:108EA0003FF40EAFB2EB410F12BF5FEA400200F099
:108EB000004041F0FF413FF403AF4A0092EA400313
:108EC0003FF5FEAE002AACBF9FED1A0A9FED1A0ACD
:108ED00068EE808A28EE008A18EE900A18EE101AC2
:108EE000EEE60000DB0FC9BFDB0FC93FDB0F4940D7
:108EF000DB0F49C00000C9BF22AAFDB90000C93F6D
:108F000022AAFD390060ED3EC30ACE370000000002
:108F1000000049C022AA7DBA0000494022AA7D3A39
:108F20002DAD65BD8FB8D53D0FB511BE61C84C3EA6
:108F3000A8AAAABE0000804F0000802F10EE101AD1
:108F400008B5444A6846B2EB410F28D94FF0E640D5
:108F5000B0EB410F94BF00204FF0FF30009000981D
:108F6000002861DB60EE000A10F0010F45D010F020
:108F7000020FDFED391A9FED391A00EEE11ADFED2D
:108F8000381A40EE811A21EEA01AF0EE400A40EEA7
:108F9000010A08BFF1EE600AB0EE600A08BD314B6D
:108FA00021F0004293423CD911F0004FDFED2E0A30
:108FB00020EE201ADFED2D0A19BF31EE601A71EE96
:108FC000200A31EE201A71EE600ABDEEE01A11EEB1
:108FD000100A9FED271A00F0030000EEC10A9FED72
:108FE000251A009000EEC10A9FED231A00EEC10A77
:108FF0009FED221A00EEC10AB1E79FED211A9FED05
:10900000210A10F0020F00EE810A9FED1F1A00EEF8
:10901000801AB7EE000A00EE810A18BFB1EE400ACE
:1090200008BD00F011F99AE710EE100A4000B0F107
:109030007F4F3CBFB7EE000A08BD07D14FF00100DB
:10904000F7F77DFBBDE8084000F0EEB8BDE808404A
:1090500000F0E4B8B61F927E336D4C39DA82083CDA
:10906000A0AA2ABE490E494683F9223F0000004BC0
:109070000000C93F00A0FD390020A2331A61342C42
:10908000B93AB2BACA9F2A3DDDFFFFBE00B510EE65
:10909000101A2DED028B81B0524A6846B2EB410F97
:1090A0002ED94FF0E640B0EB410F94BF00204FF0B7
:1090B000FF3000900098B0EE408A00286ADB10F084
:1090C000010F4BD068EE080A9FED471A9FED470A43
:1090D00000EE810A9FED461A10F0020F00EE801A92
:1090E000B7EE000A00EE810A02BF01B0BDEC028BB0
:1090F00000BD00BF01B0B1EE400ABDEC028B00BD67
:109100003C4B21F00042934241D911F0004FDFED7A
:109110003A0A20EE201ADFED390A19BF31EE601A43
:1091200071EE200A31EE201A71EE600ABDEEE01AEF
:1091300011EE100A9FED321A00F0030000EEC10A92
:109140009FED301A009000EEC10A9FED2F1A00EE3D
:10915000C10A9FED2E1A00EEC10AABE728EE080AFD
:109160009FED2B1ADFED2B0A10F0020F40EE410AA3
:109170009FED291A00EE201A61EE000AB0EE480AAF
:1091800008EE200AB6D101B0BDEC028B00BD00F0A4
:109190005BF88FE718EE100A4000B0F17F4F0DD258
:1091A00018EE100AFFF72EFC042808BF00F044F860
:1091B000B0EE480A01B0BDEC028B00BD09D1012020
:1091C000F7F7BDFA01B0BDEC028B5DF804EB00F0DF
:1091D0002BB801B0B0EE480ABDEC028B5DF804EB91
:1091E00000F01CB8B61F927EB93AB2BACA9F2A3DA7
:1091F000DDFFFFBE490E494683F9223F0000004BC8
:109200000000C93F00A0FD390020A2331A61342CB0
:10921000336D4C39DA82083CA0AA2ABE30EE000A2F
:10922000704730EE200A7047DFED020A80EEA00A98
:1092300070470000000000009FED020A20EE000AC7
:1092400070470000000000102DE9F0014FF07F4250
:10925000B2EB410F9FBF4FF0FF310160BDE8F0015D
:1092600070474FF0004242EA0123C1F3C752783AF7
:10927000551112F01F0C434CCCF120067C44C1F375
:10928000C752A2F178024FEA621204EB820254F84C
:10929000254008BFD2E9015612D0556804FA0CF4F3
:1092A00025FA06F73C43976805FA0CF527FA06F805
:1092B000D26807FA0CFCF24045EA08054CEA0206BF
:1092C000A4FB034CA5FB0352A6FB03631D449D4274
:1092D00034BF012600261319334416B1934202D934
:1092E00003E0934201D2012200E00022624402F135
:1092F000200C9206DC0C42EA443200EE102A5B039A
:10930000DFED210AF8EEC01A00EE103A4FEA9C1C7D
:1093100011F0004FB8EE400AC0F800C020EE201A4D
:1093200000EE105ADFED190AB8EE400A20EE200ACE
:1093300071EE810A70EE800A10EE902A02F500624A
:109340006FF30B0200EE902A70EEE11A31EEC11AB3
:10935000DFED101A30EE411A9FED0D0A20EE800A63
:1093600001EE210A9FED0C1A00EE810A04BFBDE850
:10937000F0017047CCF180510160BDE8F001B1EE21
:10938000400A7047DC310000000000360000802CED
:1093900022AAFD29DB0FC92F0000C92F10B54C6888
:1093A0004368018840885268414308E0B3EC010AF1
:1093B000491EF4EC010A30EE200AA2EC010A002951
:1093C000F4D1002010BD018042804360704700004E
:1093D0002DE9F04F0588B0F802A09FEDAA0A4FF0E2
:1093E00000092B46F7EE001A4A6812E0EC1AF0EE7C
:1093F000400A02E0E2EC010A641E002CFAD1E2EC21
:10940000011A5C1E02E0E2EC010A641E002CFAD193
:109410005B1E002BEAD100276FF0040B0FE1B0F8C0
:1094200002C046680CFB077306EB83039146D3ED3D
:10943000000A3C463A467B1C12E00CFB037806EB24
:109440008808B0EEE02A98ED000AB0EEC01AB4EE3B
:10945000C21AF1EE10FA02DD1C46F0EE400A5B1C67
:10946000AB42EAD3F5EEC00AF1EE10FA36D0BC42B8
:1094700034D002FB0C73ACEB070804FB0C7C06EB4E
:10948000830306EB8C064FF0000C09E093ED000A15
:1094900096ED001A0CF1010CA3EC011AA6EC010ADE
:1094A000C445F3DB4E88D1F804C002FB06F37443D5
:1094B0000CEB83030CEB84044FF0000C09E093EDFC
:1094C000000A94ED001A0CF1010CA3EC011AA4ECB3
:1094D000010AB445F3DB4FF001090AE0B9F1000FCE
:1094E00007D1F5EEC00AF1EE10FA02D15846BDE8F8
:1094F000F08F81EEA00A43884468DE1B02FB0373F1
:1095000004EB8303002406E0D3ED000A641C60EE44
:10951000800AE3EC010AB442F6DB4E884B6802FB9A
:1095200006F403EB8403002406E0D3ED000A641C78
:1095300060EE800AE3EC010AB442F6DB00233BE074
:109540004688D0F804C006FB03740CEB8404A6EB39
:10955000070894ED000A03FB06F40CEB8404564361
:109560000CEB860606EB870C04EB8704002608E06C
:10957000BCEC011AD4ED000A761C40EE410AE4EC82
:10958000010A4645F4DBB1F802804E6803FB08F49B
:1095900002FB08FC06EB840406EB8C0C002608E0BA
:1095A000BCEC011AD4ED000A761C40EE410AE4EC52
:1095B000010A4645F4DB5B1C9342C1D3531C3BE0DC
:1095C0004688D0F804C006FB03740CEB8404A6EBB9
:1095D000070894ED000A03FB06F40CEB84045643E1
:1095E0000CEB860606EB870C04EB8704002608E0EC
:1095F000BCEC011AD4ED000A761C40EE410AE4EC02
:10960000010A4645F4DBB1F802804E6803FB08F41A
:1096100002FB08FC06EB840406EB8C0C002608E039
:10962000BCEC011AD4ED000A761C40EE410AE4ECD1
:10963000010A4645F4DB5B1CAB42C1D3571C5745BE
:109640004FF00002FFF4EBAEB9F1000F18D1B5EE08
:10965000C00AF1EE10FA13D14168002005FB0AF5AB
:1096600009E001EB800393ED000AB5EEC00AF1EECC
:1096700010FA02D1401C8542F3D8854200D15A46E7
:10968000104634E7000000002DE9F04F4668D1F89D
:10969000049007884C88B0F80280DFED161AD2F8E3
:1096A00004B08A464FF0000CDAF804000BEB8C058E
:1096B0002346B0EE610A3146424608E0F1EC010A69
:1096C00090ED001A00EB8400521E00EE810A002A81
:1096D000F4D15B1EA4EB0301A5EC010A09EB8100A8
:1096E000E7D1A44406EB88067F1EDDD10020BDE84B
:1096F000F08F00000000000010B54C68436801883E
:1097000040885268414308E0B3EC010A491EF4EC7A
:10971000010A30EE600AA2EC010A0029F4D100200F
:1097200010BDF0B50588426847884E682B46002476
:1097300006EB8401384606E0B2EC010A401E81EDDA
:10974000000A01EB85010028F6D15B1E04F101043B
:10975000EED1F0BD2DE9F0410024F7F7ABF8802001
:10976000F7F7EEF95520F7F7EBF95520F7F7E8F999
:10977000F7F798F89620F7F7C4F8F7F79BF88020EA
:10978000F7F7DEF95520F7F7DBF95520F7F7D8F9A9
:10979000F7F788F89620F7F7B4F8F7F78BF8B621C3
:1097A0007E20F7F7DDF9F7F77DF85020F7F79DF801
:1097B000F7F780F88020F7F7C3F95520F7F7C0F9DD
:1097C0005520F7F7BDF9F7F76DF89620F7F799F8F8
:1097D000F7F770F88020F7F7B3F95520F7F7B0F9ED
:1097E0005520F7F7ADF90546F7F75CF89620F7F73F
:1097F00088F81E2D02D0FF20BDE8F081174EF7F744
:1098000059F804EB4405AF19705D7978F7F7A8F9BA
:10981000F7F748F89620F7F774F8F7F74BF8705D0C
:1098200040F08000F7F78CF95520F7F789F95520BB
:10983000F7F786F90546F7F735F89620F7F761F858
:109840007878A84204D004EB440030448078D3E711
:10985000641CE4B2062CD2D30020CDE79C0100208A
:10986000F8B500248DF80040F7F736F86946002077
:10987000F7F75AF9F7F728F89620F7F742F8F7F7CD
:109880002BF869460020F7F74FF9F7F71DF89620F7
:10989000F7F737F8F7F720F8B6211420F7F760F953
:1098A000F7F712F85020F7F720F8F7F715F86946A0
:1098B0000020F7F739F9F7F707F89620F7F721F8BE
:1098C000F7F70AF869460020F7F72EF9F6F7FCFFDC
:1098D0009620F7F716F89DF800000F2801D0FF201A
:1098E000F8BD154EF6F7F8FF04EB4405AF19705DAF
:1098F0007978F7F735F9F6F7E7FF9620F7F701F8EB
:10990000F6F7EAFF705D6946F7F70EF9F6F7DCFF48
:109910009620F6F7F6FF78789DF80010884204D07C
:1099200004EB440030448078F8BD641CE4B2062C9B
:10993000D8D30020F8BD0000AE01002000B58BB0E8
:1099400000200121CDE906010891009001900290CC
:1099500003900590049069460548F7F777FD0448A1
:10996000F8F779F802210248F7F7F6FC0BB000BDD2
:109970009405002082B0CDE9000121F00040019063
:109980009DED000B02B051EC100B70470A8852BAE3
:1099900002804A8852BA42808A8852BA8280897983
:1099A000C180704700487047044C0020DFED3E2A1C
:1099B00000B5B0EE622AF0EE621AB1EE041AF2EED1
:1099C000040A9FED3A0A3A4800F002FC9FED395A2A
:1099D0009FED393ADFED393A3548B0EE452AF0EEE1
:1099E000621AB7EE001AF0EE430AB0EE630A3430A2
:1099F00000F0EEFB2E48B0EE622AF0EE621A9FED08
:109A0000301ADFED300AB3EE0E0A683000F0E0FBEA
:109A10009FED2D4ADFED2D4A2548B0EE622AF0EE8B
:109A2000631AB0EE441AF0EE640A9FED290A9C30E6
:109A300000F0CEFB1E48B0EE622AF0EE621AB1EEE4
:109A4000041AF1EE080A9FED230AD03000F0C0FBA3
:109A5000B0EE452AF0EE621AB0EE431AF0EE000ABC
:109A6000B0EE630A1C4800F0B3FB1B48B0EE622A5C
:109A7000F0EE621AB0EE641AF0EE440AB3EE000A99
:109A8000343000F0A5FB1448B0EE622AF0EE631A01
:109A90009FED121AF0EE640A9FED110A68305DF82E
:109AA00004EB00F095BB000000007A440000164370
:109AB0008446002000401C46CDCC4C3D0000C842EE
:109AC000A69B443B8FC2753D0AD7A33B0000000014
:109AD0000000F04200000743884700200AD7233CDB
:109AE0000000C8432DE9F04104462DED028B3B4EAA
:109AF000DFF8EC809FED3B8A3B4F3C4D6AE070897C
:109B0000DFED3B8A00EE100A0021B8EE400A10EEAD
:109B1000100AC4F81F01308800EE100AB8EE400A9F
:109B200010EE100AB0EE680AC4F88B002C480C380E
:109B3000FCF7C1F80021B0EE480A4046FCF7BBF83C
:109B40002046FCF7B5F96888401C80B26880D4F8DC
:109B50008B1000EE101A30EE680AB0EEC00A10EE5C
:109B6000101AB9420BDBD4F81F1100EE101A30EEB8
:109B7000480AB0EEC00A10EE101AB94202DAA988FB
:109B8000491CA9800A2825D9A88842F21071884268
:109B900020D93088002100EE100A1148B8EE400AA2
:109BA0000C38FCF788F87089002100EE100A404656
:109BB000B8EE400AFCF77FF800231A4619462869D8
:109BC00001F000FA0020A88068802870BDEC028BAC
:109BD000BDE8F0812878012891D0F7E7844C002077
:109BE000784C00200008814500004040F001002032
:109BF000007053452DE9F04104464D480E462DEDC9
:109C0000048B1746012B418900EE101AB8EE400A6A
:109C100010EE101AC4F81F11008800EE100AB8EEFA
:109C2000400A10EE100AC4F88B004248026FC4F8D4
:109C30001721856FC4F8835001D0E3B35BE0FFF7D1
:109C4000B1FE44F8050F806802F0C8F99FED3E8B25
:109C50009FED3F9B41EC100B9FED374B9FED383B49
:109C6000B0EE482AF0EE682AB0EE491AF0EE691A12
:109C700000F054F951EC100B01F096FD00EE100AC3
:109C8000B1EE400A86ED000A2068C06802F0A6F92D
:109C900041EC100B9FED304B9FED313BB0EE482A6D
:109CA000F0EE682AB0EE491AF0EE691A00F036F9C3
:109CB00051EC100B00E00FE001F076FD00EE100A11
:109CC000B1EE400A10EE100A87ED000AC4F8160142
:109CD0003068C4F882000EE02348236803C88BB1C3
:109CE000C4F83511C4F8A100204800231A461946CB
:109CF000006801F067F9BDEC048B0520BDE8F04178
:109D000000F04CBF00EE101A00EE902A30EE200A50
:109D100000EE905A10EE101A00EE100AC4F81B1153
:109D200030EE200A10EE100AC4F88700DCE70000CD
:109D3000844C0020984A002000000000008066400B
:109D400000000000008066C00000000000A0844009
:109D50000000000000A084C0000000000080564009
:109D600000000000008056C0040200200000002017
:109D700070B50D4604005CD0002A5AD0002D58D092
:109D800092ED000A2B48B5EEC00AF1EE10FA0ED2A1
:109D9000D4F81711284A914203D300219FED270AD6
:109DA00012E0D4F81B1100EE101A00210CE0B5EE01
:109DB000C00AF1EE10FAF4DDD4F81711204A9142EE
:109DC000EFDB0021B3EE040AFBF775FF95ED000A07
:109DD000B5EEC00AF1EE10FA13D210EE100A1949CE
:109DE000884208D3D4F883001749884221D3002140
:109DF0009FED160A17E0D4F88700002100EE100A44
:109E000011E0B5EEC00AF1EE10FAF4DD10EE100A22
:109E10000F498842EFDBD4F883000E498842EADB21
:109E200000219FED0D0ABDE8704002480C38FBF799
:109E300042BF70BD784C00200000F8C100000CC289
:109E4000000094410000B4C20000AEC20000B4C2E1
:109E50000000B4420000AE420000B44210EE100A0E
:109E6000F6EE000A074960EE200AA1EB600000EE62
:109E7000100A20EE801AF7EE080A41EE400A20EEA2
:109E8000800A7047865A375FF8F7F2F8FCF702FB52
:109E9000FBF780FDFBF702FDFBF700FEFBF756FE2C
:109EA000FBF720FEFBF7C0FEFBF7D4FCFBF79CFEA4
:109EB000FBF77EFE4FF4007211491248F9F7E2FDFC
:109EC0001048C06B0068016821F008010160A820FB
:109ED000F7F758F8F6F72CFD0028FBD100F054FCFA
:109EE000FFF764FDFFF72AFD0748F9F759FBFFF775
:109EF00059FD06490860FBF707FD00F040F8FEE752
:109F0000EA4D0020A406002014060020DC010020F9
:109F100001460020842900D0C81C704710B553ECBE
:109F2000112B2DED088BB0EE44BAF0EE64BAB0EE12
:109F3000439AF0EE639AB0EE40AAF0EE60AA51ECBC
:109F4000120B01F061FF41EC180B53EC192B51EC93
:109F50001B0B01F059FF53EC1A2B01F057FE53EC89
:109F6000182B01F0FBFCBDEC088B41EC100B10BD75
:109F700010B500B9012000F011FE002010BD10B591
:109F800000F0AAFE002010BD7FB50D4604464169D1
:109F9000B0F9080081B1A16971B1FFF7B9FFD4E947
:109FA00005128DE80700D4E900102B46226901F064
:109FB0002CFA039004B070BDFFF7AAFF03A9CDE906
:109FC0000001208A2B4682B2D4E9001001F0F0F99A
:109FD000012801D00020EDE70398EBE710B530EE43
:109FE000600A2DED028B044680ED070AD0ED000AD1
:109FF0009FED268A60EE800AC0ED090A10EE100A75
:10A0000001F0ECFF41EC100BFFF7B4FC00EE100A7E
:10A01000B8EEC00AB4EEC80AF1EE10FA08D294ED18
:10A020000A0AD4ED010A94ED071A00EE810A01E054
:10A030009FED170A84ED0A0A94ED031AF1EE410A26
:10A04000FBF706FC94ED070AD4ED080A94ED021A1A
:10A0500070EE600A60EE810AC4ED0B0A84ED080A16
:10A0600094ED090A94ED0A1A30EE010A30EE200A46
:10A0700084ED0C0A94ED041AF1EE410AFBF7E8FBBB
:10A0800094ED0C0ABDEC028B10BD0000CDCCCC3D94
:10A090000000000000B580ED050A0146C0ED060A8B
:10A0A00000F054FB81ED070AD1ED000A214A60EE71
:10A0B000801AC1ED091AD1ED0A0A91ED011A41EE9B
:10A0C000000AC1ED0A0A91ED081A91ED022A10EE7C
:10A0D000900A30EE411A904221EE021A81ED0B1ADD
:10A0E00081ED080A02DB9FED140A09E010EE900AE8
:10A0F000124A904202D291ED0A0A03E09FED100A43
:10A1000081ED0A0A31EE800A0E4A30EE010A10EEA5
:10A11000100A81ED0C0A904202DB9FED0B0A06E06B
:10A1200010EE100A094A904203D39FED090A81ED0F
:10A130000C0A00BD00803B4500803B4500803BC5CC
:10A1400000803BC500409C4500409C4500409CC5AC
:10A1500000409CC500B580ED050AC0ED060A70EE12
:10A16000600AC0ED070A90ED000A20EE200A80ED9B
:10A17000090A90ED0A0A90ED011A01EE200A80ED1D
:10A180000A0A90ED081AD0ED021A30EEC11A21EE3B
:10A19000211A80ED0B1AC0ED080A90ED031AF1EEBA
:10A1A000410AFBF755FB90ED090AD0ED0A0A30EEA3
:10A1B000200AD0ED0B0A30EE200A80ED0C0A90ED5B
:10A1C000041AF1EE410AFBF743FB90ED0C0A00BDC7
:10A1D00080EC050A704700002DE9F041184E0F464B
:10A1E0000446F5683068001D00F0E7FB38B93068B8
:10A1F00090F82C1001208840316981433161601C46
:10A2000007D137B13168BDE8F0410E48091D00F0B3
:10A2100017BC30682C44AC424460316805D2B06B46
:10A22000BDE8F041091D00F0F3BB706B091D00F0A3
:10A23000EFFBB06A844200D2B462BDE8F081000056
:10A240002C000020580A00202DE9F041054600F0BE
:10A2500003FC2E4EB068401CB06030682C4F10B12B
:10A26000706940B32DE03560B068012829D1002421
:10A2700004EB840007EB800000F0BCFB641C072C9F
:10A28000F6D323488C3000F0B5FB2148A03000F015
:10A29000B1FB1F48B43000F0ADFB1D48C83000F0E2
:10A2A000A9FB1B48DC3000F0A5FB19488C3070631B
:10A2B0001430B06305E03068E96AC06A884200D8AB
:10A2C0003560706A0121401C7062E86A3269814021
:10A2D0001143316100EB800007EB8000291D00F085
:10A2E000AFFB00F0D9FB706900280CD03068E96A38
:10A2F000C06A884207D207494FF080500860BFF318
:10A300004F8FBFF36F8FBDE8F08100002C0000205D
:10A310007C09002004ED00E02DE9F041856B174633
:10A3200004460026026C82B1C7B1E068F6F7EDF88A
:10A33000E168206C091AE1602268914202D2A168AA
:10A34000081AE060022F16D017E02068A8B9A068AC
:10A3500001F0FCF806460020A0600EE06068F6F709
:10A36000D4F8216C606808446060A168884204D316
:10A370002068606001E005B16D1E6D1CA56330466C
:10A38000BDE8F08110B5044690F8510058B101289D
:10A390000CD002280FD0502080F31188BFF34F8FCC
:10A3A000BFF36F8FFEE7206B00F08AFB2046BDE80D
:10A3B000104000F085BB10BD10484FF470514207AB
:10A3C00006D0C01D0D4920F00700411AC1F570519B
:10A3D0000B4A00230144C2E900030839183A21F06E
:10A3E000070111604B600B600B1AC0E9001393600A
:10A3F0004FF0004053605061704700006C0A00202D
:10A4000080000020134E144DA6F1C8074FF080586D
:10A41000DFF8489011E000F01FFBF068C468201DD1
:10A4200000F0CBFAA868401EA8606868401E68600B
:10A4300000F032FB2046FFF7A5FF68680028EAD14C
:10A4400038680128F9D9C9F80080BFF34F8FBFF3EE
:10A450006F8FF2E7440A00202C00002004ED00E09A
:10A460000346009829B10260C0E90F31012100F0D4
:10A4700065BD0060F8E72DE9F0479A46DDE90984FB
:10A4800081466FF00303206B03EB82021044089DAA
:10A4900020F00706700707D0502080F31188BFF323
:10A4A0004F8FBFF36F8FFEE7002761B100202318A5
:10A4B0000A5C83F834200A5C12B1401C1028F6D3E1
:10A4C00084F8437001E084F83470072D00D306252A
:10A4D000E562C4E91157201D00F097FA04F1180055
:10A4E00000F093FA2461C5F107006462A061E7649B
:10A4F00084F8507052464946304600F011F9206009
:10A50000B8F1000F01D0C8F80040BDE8F0870000A6
:10A5100030B5114900E011460A688242FBD34B680E
:10A520005C18844203D14068184448600846436878
:10A530001C18944209D1084C183C2468A24209D046
:10A5400052681A4442600A6812680260814200D070
:10A55000086030BD0460F9E78000002010B50446B3
:10A5600000F07AFAA06B20B1002400F095FA2046A2
:10A5700010BD0124F9E700000648416B096829B1C4
:10A58000416BC968C9684968816270474FF0FF3103
:10A59000FAE700002C00002008484068401C4FF0FB
:10A5A000500080F3118804D0BFF34F8FBFF36F8F3B
:10A5B000FEE7BFF34F8FBFF36F8FFEE788000020E9
:10A5C0002DE9F041044600F047FA94F9455004F1B2
:10A5D000240609E0606A48B1304601F049F808B144
:10A5E00000F00AFB6D1E6DB2002DF3DC4FF0FF365C
:10A5F00084F8456000F050FA00F02EFA94F94450C7
:10A6000004F1100709E0206948B1384601F030F83C
:10A6100008B100F0F1FA6D1E6DB2002DF3DC84F884
:10A620004460BDE8F04100F037BA00002DE9F04188
:10A630000546002600F086FB324F386808B9FFF760
:10A64000BBFE786905424ED1C5B3083568070ED008
:10A6500005F00700C0F108000544680707D0502046
:10A6600080F31188BFF34F8FBFF36F8FFEE72DB3D9
:10A670007868854237D8234918310846046801E0D4
:10A68000214604466068A84202D220680028F7D11B
:10A690003868844227D00E682068086060680836F1
:10A6A000411B10290FD96019420708D0502080F3B0
:10A6B0001188BFF34F8FBFF36F8FFEE713E0416048
:10A6C0006560FFF725FF61687868401A7860BA68AE
:10A6D000904200D2B860786901430020C4E90001CB
:10A6E000F868401CF86000F0FDFF700707D05020AC
:10A6F00080F31188BFF34F8FBFF36F8FFEE73046B3
:10A70000BDE8F081680000200449086818B10868B5
:10A71000826C521C82640868704700002C00002084
:10A7200010B5031F4FF080741C601B1F21F0010146
:10A730001960191F044B0B6014390A60091F6FF070
:10A74000020244380A6010BD99A500080D4870EE59
:10A75000601AB0EE002A90ED001AF4EEC11AF1EE84
:10A7600010FA02DD41EE020A08E0F1EE412AF4EEB1
:10A77000E21AF1EE10FA01D241EE420A30EE600A1E
:10A78000704700009400002002492422A1F1240017
:10A79000FBF762BD484C00202DE9F0410C462DED41
:10A7A000048B00287ED0002C7CD00178427841EACE
:10A7B0000221C1F30A0100EE101AB8EE400A10EEB1
:10A7C000101A216042788378D20842EA4312C2F319
:10A7D0000A0200EE102AB8EE400A10EE107A676006
:10A7E0008278C378920942EA8302037942EA83229B
:10A7F000C2F30A0200EE102AB8EE400A10EE106A08
:10A80000A66002794379520842EAC312C2F30A02EF
:10A8100000EE102AB8EE400A10EE105AE5604279B8
:10A82000C2F3011222754279920962758279C37965
:10A8300042EA0322E282027A437A42EA0322228334
:10A84000827AC37A42EA03226283027B2277427BC6
:10A850006277827BC37B42EA0322E283027C407CF4
:10A860009FED219A42EA0020C0F30A0000EE100A90
:10A87000F8EE409A00EE101A30EE490A10EE100A77
:10A8800001F0ACFB9FED198B53EC182B01F0BEF9D6
:10A8900000F08AFF00EE107A206030EE490A10EED8
:10A8A000100A00E01BE001F099FB53EC182B01F0BB
:10A8B000ADF900F079FF00EE106A606030EE490AF1
:10A8C00010EE100A00EE105AA06030EE490A10EEA9
:10A8D000100A39EEC90AE06010EE100A2061BDECE2
:10A8E000048BBDE8F0810000000080449A9999999A
:10A8F0009999B93F00B58FB0014635226846F5F702
:10A9000004FE9DF80000AC282BD11748DDF81D107F
:10A910000160DDF821104160DDF8251081601348E9
:10A92000DDF805100160DDF809104160DDF80D105B
:10A9300081600F48DDF829100160DDF82D104160BD
:10A94000DDF8311081600B48DDF811100160DDF891
:10A9500015104160DDF8191081600749DDF801002C
:10A9600008600FB000BD000084460020B8460020FB
:10A970005447002088470020984C002010B500EE76
:10A98000100A2DED028BB1EEC08A18EE100A20F0ED
:10A990000040C0F1FF40C00F0AD010EE100A20F0B6
:10A9A0000040C0F1FF40C00F04BF0120F5F7C7FE13
:10A9B00018EE100ABDEC028B10BDD0E9013201691E
:10A9C0009A60D0E901235A604A68824201D18268C4
:10A9D0004A60002202610868401E086008687047EB
:10A9E000034B036003F1540008608020106070473F
:10A9F0004003002000F108014FF0FF32C0E90112CE
:10AA0000C160016100210160704700210161704750
:10AA100030B50C68621C02D000F1080202E0026945
:10AA200004E01A4653681D68A542FAD953684B6082
:10AA300099608A60516008610168491C016030BDFD
:10AA400042684A6093688B609368596091600861BE
:10AA50000168491C01607047502080F31188BFF3E2
:10AA60004F8FBFF36F8F0A494868401C4860012828
:10AA70000CD10848006810F0FF0F07D0502080F379
:10AA80001188BFF34F8FBFF36F8FFEE77047000051
:10AA90008800002004ED00E00849486828B1401E05
:10AAA000486001D180F311887047502080F31188ED
:10AAB000BFF34F8FBFF36F8FFEE7000088000020C9
:10AAC00070B500282AD0164DA0F1080460686969A5
:10AAD000084207D1502080F31188BFF34F8FBFF396
:10AAE0006F8FFEE722683AB1502080F31188BFF3E0
:10AAF0004F8FBFF36F8FFEE78843606000F022F94D
:10AB000060686968084468602046FFF701FD2869AD
:10AB1000401C2861BDE8704000F0E4BD70BD00003D
:10AB2000680000204FF0E0200021016181610549AB
:10AB30004FF47A720968B1FBF2F1491E41610721B5
:10AB4000016170472400002010B5F5F7EDFB1149B5
:10AB500010280ED300F1E02090F8F0030A7890421C
:10AB600007D2502080F31188BFF34F8FBFF36F8F50
:10AB7000FEE709480068896800F4E060884207D968
:10AB8000502080F31188BFF34F8FBFF36F8FFEE724
:10AB900010BD0000880000200CED00E010B50200A0
:10ABA00014D00F48006B38B1502080F31188BFF3E8
:10ABB0004F8FBFF36F8FFEE700F0C4F800211046FF
:10ABC000FFF70AFB00F08EFD002807D105494FF082
:10ABD00080500860BFF34F8FBFF36F8F10BD000030
:10ABE0002C00002004ED00E002490A6A0260C968F6
:10ABF000416070472C00002001490120C861704766
:10AC00002C00002010B50C4650B1094909681831D4
:10AC1000FFF7FEFE2046BDE810400121FFF7DCBA39
:10AC2000502080F31188BFF34F8FBFF36F8FFEE783
:10AC30002C00002070B50B46040047D0A26CA2B1D6
:10AC4000616C994200D21946E06A88423ED0012ADE
:10AC50003CD11F4D2A6894420FD1502080F31188B7
:10AC6000BFF34F8FBFF36F8FFEE7502080F3118843
:10AC7000BFF34F8FBFF36F8FFEE7E162A269002A37
:10AC800002DBC1F10701A161124E00EB8000616996
:10AC900006EB8000814219D1201DFFF78EFE0121B5
:10ACA00030B994F82C002A6901FA00F082432A6135
:10ACB000E06A2A6981401143296100EB800006EBBC
:10ACC0008000211DBDE87040FFF7BABE70BD0000D6
:10ACD0002C0000207C09002010B586B000240394CD
:10ACE00005AA04A903A80494FFF77AFEDDE903018D
:10ACF0000094CDE9011000230EA11048059A00F040
:10AD000084FB0F490028C86211D0502080F31188BD
:10AD1000BFF34F8FBFF36F8F4FF0FF30886201207A
:10AD20004861CC6006B0BDE8104000F055B806B0F0
:10AD300010BD000049444C450000000005A4000877
:10AD40002C0000200248016B491C01637047000081
:10AD50002C000020144A106B10B10120D061704704
:10AD60000020D06110691149B0FA80F0C0F11F00D5
:10AD700000EB800051F820306BB101EB800000F156
:10AD80000803416849684160994201D149684160BE
:10AD9000C86810607047502080F31188BFF34F8F50
:10ADA000BFF36F8FFEE700002C0000207C0900201D
:10ADB00010B504460020FDF795FDB0EE600A0120B5
:10ADC000FDF790FDB0EE410A0220FDF78BFD204615
:10ADD000BDE81040FDF7A0BD1CB537480168374AF3
:10ADE000914207D1502080F31188BFF34F8FBFF3FA
:10ADF0006F8FFEE700683149491E884207D1502015
:10AE000080F31188BFF34F8FBFF36F8FFEE72C499C
:10AE100008780190FF20087008788DF800009DF8F0
:10AE200000009DF8002000F0F000904207D0502074
:10AE300080F31188BFF34F8FBFF36F8FFEE79DF84C
:10AE40000000204C00F0500020700720A06006E0B9
:10AE5000401EA0609DF8000040008DF800009DF8A5
:10AE600000000006A068F3D4032807D0502080F328
:10AE70001188BFF34F8FBFF36F8FFEE74FF4407021
:10AE8000A060019808700C482030016841F47001FE
:10AE90000160016841F070410160FFF743FE00204E
:10AEA0006060F5F709FA0848016841F04041016027
:10AEB000F5F7EEF900201CBD00ED00E071C20F4176
:10AEC00000E400E08800002034EF00E010B55020DE
:10AED00080F31188BFF34F8FBFF36F8F00F0D0FA6C
:10AEE00018B104494FF080500860002080F31188A9
:10AEF00010BD000004ED00E0F8B517460E46050051
:10AF000013D005FB06F04830FFF790FB04000AD091
:10AF1000002084F8460004F148023B4631462846AA
:10AF20000094FFF79DFA2046F8BD502080F3118869
:10AF3000BFF34F8FBFF36F8FFEE7000070B50D4674
:10AF4000040025D0FFF788FDD4E90F20216802FB1B
:10AF50000011A1600021A163216861600A46D4E963
:10AF60000F01401E00FB0121E16021464FF0FF3040
:10AF700001F8440F487004F110008DB1FFF73AFD5D
:10AF800004F12400FFF736FDFFF786FD012070BDB8
:10AF9000502080F31188BFF34F8FBFF36F8FFEE710
:10AFA00021690029F0D000F063FB0028ECD00449AF
:10AFB0004FF080500860BFF34F8FBFF36F8FE3E710
:10AFC00004ED00E02DE9FF4F83B01F468B460400DF
:10AFD0004FF0000603D0BBF1000F08D011E0502065
:10AFE00080F31188BFF34F8FBFF36F8FFEE7206CA4
:10AFF00038B1502080F31188BFF34F8FBFF36F8FAC
:10B00000FEE7022F0AD1E06B012807D0502080F321
:10B010001188BFF34F8FBFF36F8FFEE700F022FA66
:10B02000DFF800914FF0000A4FF0805848B90598BA
:10B0300038B1502080F31188BFF34F8FBFF36F8F6B
:10B04000FEE7FFF709FDA06BE16B884205D3022FF5
:10B0500003D00598C8B1DEB11EE03A4659462046F5
:10B06000FFF75AF9616A19B104F1240000F000FBFE
:10B0700028B1C9F80080BFF34F8FBFF36F8FFFF780
:10B080000BFD012007B0BDE8F08FFFF705FD21E0C3
:10B090006846FFF7A9FD0126FFF7FEFCFFF752FE09
:10B0A000FFF7DAFC94F94400401C01D184F844A075
:10B0B00094F94500401C01D184F845A0FFF7ECFC51
:10B0C00005A9684600F03AF930B12046FFF778FA52
:10B0D00000F008FB0020D5E7FFF7BEFCA06BE16B9A
:10B0E000884201D1012500E00025FFF7D5FC95B18C
:10B0F00004F110000599FFF785FD2046FFF760FA7F
:10B1000000F0F0FA00289CD1C9F80080BFF34F8FFF
:10B11000BFF36F8F95E72046FFF752FA00F0E2FA8F
:10B120008FE7000004ED00E070B50E46040009D082
:10B13000206C78B1502080F31188BFF34F8FBFF39C
:10B140006F8FFEE7502080F31188BFF34F8FBFF35E
:10B150006F8FFEE7206848B9A06838B1502080F3AF
:10B160001188BFF34F8FBFF36F8FFEE7FFF7ECFC43
:10B170005020EFF3118580F31188BFF34F8FBFF399
:10B180006F8FA16BE06B884218D994F94500491C78
:10B19000A163411C04D0401C84F8450001200EE04E
:10B1A000606A0028FAD004F1240000F061FA002857
:10B1B000F4D0002EF2D001203060EFE7002085F3BC
:10B1C000118870BD2DE9F3434FF0000583B00400F2
:10B1D0002E4609D0206C78B1502080F31188BFF33F
:10B1E0004F8FBFF36F8FFEE7502080F31188BFF3BE
:10B1F0004F8FBFF36F8FFEE700F034F9DFF838911F
:10B2000000274FF0805848B9049838B1502080F397
:10B210001188BFF34F8FBFF36F8FFEE7FFF71CFC62
:10B22000A06BC8B1401EA063206810B9FFF76CFA8C
:10B23000A060206950B104F1100000F019FA28B1A3
:10B24000C9F80080BFF34F8FBFF36F8FFFF724FC67
:10B25000012005B0BDE8F083049808B165B10FE0A6
:10B260003EB1502080F31188BFF34F8FBFF36F8F33
:10B27000FEE7FFF711FC5DE06846FFF7B5FC01252E
:10B28000FFF70AFCFFF75EFDFFF7E6FB94F94400C9
:10B29000401C01D184F8447094F94500401C01D150
:10B2A00084F84570FFF7F8FB04A9684600F046F8FB
:10B2B0000028204612D0FFF783F900F013FA204649
:10B2C000FFF74CF90028A9D09EB3FFF7C5FB606AD1
:10B2D00050B3206B0068C0F1070126E0FFF73EF98C
:10B2E000E0B1206838B9FFF7B7FBA06800F07AF941
:10B2F0000646FFF7D1FB04F124000499FFF782FC16
:10B300002046FFF75DF900F0EDF9002886D1C9F875
:10B310000080BFF34F8FBFF36F8F7FE72046FFF7AB
:10B320004FF900F0DFF979E70021A068FFF782FC10
:10B330009FE7FFE700208CE704ED00E02DE9F041F6
:10B340000C46050011D0C4B1FFF786FB174EF1681B
:10B350006B682268C81A571C17D02F68366AB74224
:10B3600019D08B4217D8012410E0502080F31188A7
:10B37000BFF34F8FBFF36F8FFEE7502080F311882C
:10B38000BFF34F8FBFF36F8FFEE70024FFF784FBFF
:10B390002046BDE8F081824205D9101A2060284677
:10B3A000FFF722FCF1E700202060DCE72C00002002
:10B3B0002DE9FF5F8346DDE90E87994616468A46EA
:10B3C0009000FFF733F905001CD05420FFF72EF949
:10B3D000040014D00020256384F85100CDE9024018
:10B3E000CDE900874B46324651465846FFF743F8B1
:10B3F0002046FEF729FF012004B0BDE8F09F284653
:10B40000FFF75EFB4FF0FF30F6E7F0B585B005467D
:10B41000DDE90B040A9EA8B1E4B15427009720632C
:10B42000022084F851000020CDE9024004AF2846F4
:10B43000CDE90067FFF71FF82046FEF705FF0498E7
:10B4400005B0F0BD502080F31188BFF34F8FBFF3DC
:10B450006F8FFEE7502080F31188BFF34F8FBFF34B
:10B460006F8FFEE70548416919B1006B18B10020E4
:10B470007047012070470220704700002C00002018
:10B480002DE9F0412F4F0026386B28B1B869401CD8
:10B49000B8613046BDE8F081FD686D1CFD6013D1D8
:10B4A000786B006838B1502080F31188BFF34F8F5C
:10B4B000BFF36F8FFEE7786BB96B7963B863386A57
:10B4C000401C3862FFF758F8B86ADFF87C80854284
:10B4D00009D3786B0068A0B1786BC068C4686068F5
:10B4E000854211D2B8623868C06A00EB800158F812
:10B4F0002100012800D90126F8690028C9D00126B9
:10B50000C7E74FF0FF30EDE7201DFFF756FAA06ABE
:10B5100018B104F11800FFF750FAE06A01213A6906
:10B5200081401143396100EB800108EB8100211D4E
:10B53000FFF786FAE06A3968C96A8842C9D30126EA
:10B54000C7E700002C0000207C09002070B5040033
:10B550004FF0000041D0214D29688C4207D0502087
:10B5600080F31188BFF34F8FBFF36F8FFEE7A16C9D
:10B5700071B1491EA164636CE26A9A422DD0002920
:10B580002BD1201DFFF719FA1549012240B112E015
:10B59000502080F31188BFF34F8FBFF36F8FFEE70A
:10B5A000E06A00EB800351F8233023B92B6902FADB
:10B5B00000F083432B61606CE062C0F10700A06182
:10B5C000E06A2B6982401A432A6100EB800001EB9C
:10B5D0008000211DFFF734FA012070BD2C000020EF
:10B5E0007C09002070B504004FF0000035D01E4DDE
:10B5F000E16A2A68D26A914230D2A069002804DB4D
:10B600002868C06AC0F10700A061E06A174E00EB2D
:10B610008000616906EB800081421AD1201DFFF78E
:10B62000CCF9012130B994F82C002A6901FA00F014
:10B6300082432A612868C06AE0622A698140114316
:10B64000296100EB800006EB8000211DFFF7F8F96F
:10B6500002E02868C06AE062012070BD616C2A685F
:10B66000D26A9142F8D370BD2C0000207C090020E2
:10B670002DE9F041C068C468ACB104F11800074678
:10B68000FFF79BF9154D286B0126A0B139461448E8
:10B69000FFF7D6F9E06A2968C96A88421CD90120F7
:10B6A000EE61BDE8F081502080F31188BFF34F8F29
:10B6B000BFF36F8FFEE7201DFFF77FF9E06A2A696D
:10B6C00006FA00F111432961054900EB8000B43905
:10B6D00001EB8000211DDBE70020E2E72C000020C9
:10B6E000300A00202DE9F0472C4D00242746286B16
:10B6F00038B1FFF7B1F9286B401E2863286B40B1C1
:10B7000046E0502080F31188BFF34F8FBFF36F8F57
:10B71000FEE7A86822490126D0B3A1F1B409884602
:10B72000D8F80010E9B1D8F80C00C46804F118008A
:10B73000FFF743F9201DFFF740F9E06A2A6906FA8E
:10B7400000F11143296100EB800109EB8100211D0B
:10B75000FFF776F9E06A2968C96A8842E0D3EE61AA
:10B76000DEE70CB1FEF708FFAC693CB1FFF788FEDD
:10B7700000B1EE61641EF9D10020A861E86938B11A
:10B780000849012738070860BFF34F8FBFF36F8F59
:10B79000FFF782F93846BDE8F08700002C00002052
:10B7A000300A002004ED00E021F00042A2F16052D6
:10B7B000B2F5801F01F0004328BFD2F17F6C0BD996
:10B7C0005FEA001C43EAC20242EB507018BF7047A8
:10B7D00028BF20F001007047B2F5801FBCBF18469B
:10B7E00070474FEA410C1CF5001F02D2084600F0DA
:10B7F0006BBC70B500F0B4FA00000089FFF7F6BF2B
:10B800004FF00040A0F580007047000010B591EAAD
:10B81000030F48BF83F0004300F1FE82841A71EBEE
:10B82000030C05D2121943EB0C03001B61EB0C0156
:10B83000DFF824E14FEA1154A4EB135C1EEA430F36
:10B8400018BF9EEA445F73D023EA0E03DCF1200E9A
:10B8500021EA045143F4801332D322FA0CFE10EB98
:10B860000E0023FA0CFE41EB0E01CCF1200E03FA80
:10B870000EFE10EB0E0051F10001B1F5801FCCF16E
:10B88000200E32D201EB045112FA0EF2BDE8104044
:10B8900058BF7047401C38BF5FEA420218BF70476C
:10B8A000002814BF20F0010041F100014FEA4103DC
:10B8B00013F5001F38BF7047A1F1C04100F09EBAD8
:10B8C000012A43EB0302ACF1200CDCF11F0E32BF66
:10B8D0004FF0000E23FA0CF310EB030041EB045180
:10B8E000B4EB115FD0D0A1EB045101F580114908F0
:10B8F0005FEA300001EB04510ED350F1000038BF75
:10B9000012FA0EFE08D1BDE81040C9E7401C38BF4E
:10B910005FEA4202CAD1C3E7BDE810404FEA4103E3
:10B9200013F5001F38BF7047A1F1C04100F066BA9F
:10B930009EEA445F08D011EA5E0FBDE8104004BFE4
:10B9400001F0004100207047BDE8104070B500F0E4
:10B9500007FA00BF64FBBE3E0000E0FF2DE9C041D6
:10B9600030B4DFF8A0C23CEA111418BF3CEA13144B
:10B9700000F0EC8081EA03051CEA111444EAD57456
:10B9800018BF1CEA131500F0C780A4EB05044FF0A4
:10B99000004545EAC12145EAC32341EA505143EA43
:10B9A000525304F17F74994204F500344FEAC020E9
:10B9B0004FEAC22208BF904200F09C804FEA136514
:10B9C0000FF24016765D4FEA134506FB05F7C7F107
:10B9D000807706FB07F74FEAD737A7FB0368764265
:10B9E000C8F58038A7FB06CE38BFA8F1010807FBD1
:10B9F00008E64FF0000EA6FB028CE6FB03CEDCF15E
:10BA0000000CCEF1004E38BFAEF1010EA6FB0C5873
:10BA10004FF000074FF00005E6FB0E87A1FB08C6BC
:10BA2000A0FB07CE16EB0E0645F10005E1FB07650E
:10BA300015F1E04E7EBFA4F580345FEA46066D4105
:10BA400016F1800745F100054FEA17274FEA066611
:10BA500047EA0567A6F1DE46B6F1805F4FEA152595
:10BA60001FD9384624F0010C05EBC471BCF1FE6F00
:10BA700001EB0C1102D8F0BCBDE8008124425CBF90
:10BA800001F5801E9EEAC47F02D4F0BCBDE80081AF
:10BA9000244238D4F0BCA1F1C041BDE8004100F01F
:10BAA000ADB94FEAD22242EA43524FEAD323A7FB71
:10BAB00002864FEAD02040EA415007FB03661EEAA7
:10BAC0000E0F4FEAD12105FB026658BFA6EB0056C8
:10BAD000B6EB00564FEA520E4EEAC37E18EB0E0E3E
:10BAE00056EB530EBDD518EB02085E417F1C55F195
:10BAF0000005B6E74FF480154FF000074FF0000641
:10BB00004FF00008ADE7F0BC4FF0000001F1C0417C
:10BB100001F00041BDE8008111EA0C1F0CEA131589
:10BB200000D00CE013EA0C1F00F025804FF000005D
:10BB3000F0BC81EA030101F00041BDE80081F0BCE6
:10BB4000BDE8004181EA030100F058B9F0BCBDE84E
:10BB5000004170B500F004F9097EFC3E00F007B822
:10BB600081EA03014FF0000001F00041704781EAD3
:10BB7000030100F043B9F0BCBDE800414FF0000004
:10BB800021497047FFFDFBF9F7F5F4F2F0EEEDEB1C
:10BB9000E9E8E6E4E3E1E0DEDDDBDAD8D7D5D4D3CB
:10BBA000D1D0CFCDCCCBCAC8C7C6C5C4C2C1C0BF17
:10BBB000BEBDBCBBBAB9B8B7B6B5B4B3B2B1B0AF1D
:10BBC000AEADACABAAA9A8A8A7A6A5A4A3A3A2A101
:10BBD000A09F9F9E9D9C9C9B9A99999897979695BC
:10BBE00095949393929191908F8F8E8E8D8C8C8B58
:10BBF0008B8A8989888887878685858484838382E0
:10BC0000828181800000FF070000F87FDFF848C1D3
:10BC100070B51CEA111E1EBF1CEA13159EEA0C0F1C
:10BC200095EA0C0F00F06F8081EA030423EA4C13BD
:10BC30004EEAD47E21EA4C1141F4801143F4801382
:10BC4000AE44A1FB024CA0FB0365AEF17F7E36192A
:10BC500055EB0C05A1FB034C4CF10003A0FB021CAF
:10BC600016EB0C06654153F10003094218BF46F07C
:10BC7000010613F4007F0BD14FEA03314FEA053080
:10BC8000340341EA155140EA16506FF003020AE00E
:10BC90004FEAC3214FEAC520F40241EA555140EA78
:10BCA00056506FF0020202EB2E4201EB025585EA7C
:10BCB000CE710AD05FEA440C18BF24F0004450F162
:10BCC000000041F1000120EAD47040F2FE7C6245A0
:10BCD00000D270BDA84214BF4FF080444FF04044E2
:10BCE000002E08BF0024BEF1806FA8BFA1F1C041A3
:10BCF000BDE8704080F282804FF0000001F1C04149
:10BD000001F0004170479EEA0C0F0CEA131518BFB2
:10BD100095EA0C0F06D04FF0000081EA030E0EF0FA
:10BD2000004170BD00F01CF88900013E00F007B82A
:10BD300000F009B84FEA430C5FEA5C5C08D081EA86
:10BD4000030100F05BB84FEA410C5FEA5C5CF6D19E
:10BD50004FF00000014970470000FF070000F87F26
:10BD60000EF1020E2EF0030E5EF8046B364205D47F
:10BD7000012A43EB030515F5001F12D8012841EBFA
:10BD8000010C1CF5001F0CD80ED14FEAD17C15F523
:10BD9000001F0CEB4C0C0CF1020C08BF4CEBD37CDD
:10BDA00004E04FF0080C01E04FEAD37C0CEB4C05AB
:10BDB00026FA05F606F00706B6F1040C06D20EEBDD
:10BDC000860CBDE870404CF0010C6047DFE80CF0D9
:10BDD000090B02024FF000414FF00000A1F50021D5
:10BDE00070BD19461046012851EB010418BFD4F567
:10BDF000001484BF002001F0004170BD0808A0F5C8
:10BE000000114FEA3101704710B591EA030F48BFA6
:10BE100083F000433FF502AD841A71EB030C07D2A7
:10BE200012198CF0004C43EB0C03001B61EB0C016E
:10BE3000DFF8A4E14FEA1154A4EB135C1EEA430FB0
:10BE400018BF9EEA445F00F0B08023EA6E035242BE
:10BE500021EA0451C3EB6E0338BF5B1EDCF1200EF8
:10BE600025D322FA0CFE10EB0E0043FA0CFE41EB38
:10BE70000E01CCF1200E03FA0EFE10EB0E0051F174
:10BE80000001CCF1200E29D412FA0EF201EB04517C
:10BE9000BDE8104058BF7047401C1CBFB2F1004FB6
:10BEA000704700280CBF491C20F00100704712EBBE
:10BEB000020E43EB030218BF4FF0010E4EEA42029E
:10BEC000ACF1200CDCF11E0E54D943FA0CFE10EB41
:10BED0000E0051F1FF31CCF11E0ED5D50EF1010E41
:10BEE00012FA0EFE404141EB010101EB445C5FEAB6
:10BEF0005C5C10D910EBDE7001EB045138BFBEF171
:10BF0000004FBDE8104018BF704700280CBF491C07
:10BF100020F00100704730D24FEAD42C11F5001107
:10BF200024F400641BD0B1FA81F20B3AA41AA41EC7
:10BF3000D2F12003914030FA03F31943904001EB12
:10BF4000CC71002C01EB0451BDE81040A8BF704734
:10BF500001F1C0414FF0000001F000417047B0FA1C
:10BF600080F310FA03F100D110BDE41A173C480524
:10BF7000C90AE4E701EB045110BD491001EB04517B
:10BF8000BDE810404FEA300002E04FF0000170477A
:10BF90004A0008BF0042F8D0B2F5001F28BF704722
:10BFA00001F000414FF0000070479EEA445F07D067
:10BFB00011EA5E0FBDE8104004BF00210020704769
:10BFC000BDE8104070B5FFF7CBFE00BF40DFF63E86
:10BFD00083F00041104670470000E0FF43004FEA45
:10BFE000D30C4FEA3C0C43401FBF40070CF160519B
:10BFF00013F0FE4F70471CF0006F03D100200CF0CF
:10C00000004170470CF0004343EA507010B540EA1D
:10C01000CC0000F00EF800BF000000924FEA0001D3
:10C02000FFF7ECBE4FF000414FF00000A1F50021FA
:10C0300070470EF1020E2EF0030E5EF8044B244200
:10C0400004D44FEA4102B2F17F4F11D84FEA4003C6
:10C05000B3F17F4F0CD80ED14FEAD07CB2F17F4FB5
:10C060000CEB4C0C0CF1020C08BF4CEBD17C04E047
:10C070004FF0080C01E04FEAD17C0CEB4C0324FAA2
:10C0800003F404F00704B4F1040C06D20EEB840CA4
:10C09000BDE810404CF0010C6047DFE80CF00708E9
:10C0A00002024FF00040A0F5800010BD084642009B
:10C0B00018BFD2F1807288BF00F0004010BD4FF071
:10C0C0004070E1EE100A7047FF2141EAD050C005F0
:10C0D0007047000094C4000871640008000000006C
:10C0E00000000000800000000000000000000000D0
:10C0F000A8C40008550D0008FEFF00000000000065
:10C10000800000000000000000000000A0C4000843
:10C110001D120008FEFF000000000000800000006B
:10C12000000000000000000088C40008614D000805
:10C13000FEFF000000000000800000000000000082
:10C14000000000007CC40008A9890008FEFF000070
:10C15000000000008000000000000000000000005F
:10C160000006101600061016000000000000000077
:10C17000010203040607080900000000010203048D
:10C180000000803F000000000000000000000000F0
:10C190000000000000000000000000000000803FE0
:10C1A000000000000000000000000000000000008F
:10C1B00000000000000000000000803F00000000C0
:10C1C000000000000000000000000000000000006F
:10C1D000000000000000803F0000000000000000A0
:10C1E000000000000000000000000000000000004F
:10C1F0000000803F00000000000000000000000080
:10C200000000000000000000000000000000803F6F
:10C210000000803F0000000000000000000000005F
:10C220000000803F0000000000000000000000004F
:10C230000000803F0000000000000000C3F51C412A
:10C2400000000000000000000000803F0000803F70
:10C250000000000000000000000000000000891144
:10C2600012239B322446AD573665BF74488CC19D5E
:10C270005AAFD3BE6CCAE5DB7EE9F7F8811008013E
:10C2800093331A22A5562C47B7753E64C99C408D3E
:10C29000DBBF52AEEDDA64CBFFF976E802218B30DA
:10C2A000100299132667AF763444BD554AADC3BC1E
:10C2B000588ED19F6EEBE7FA7CC8F5D983310A20FE
:10C2C00091121803A7772E66B5543C45CBBD42ACFE
:10C2D000D99E508FEFFB66EAFDD874C904428D5396
:10C2E00016619F702004A9153227BB364CCEC5DFDE
:10C2F0005EEDD7FC6888E1997AABF3BA85520C43BE
:10C3000097711E60A1142805B3373A26CDDE44CFBD
:10C31000DFFD56ECE9986089FBBB72AA06638F7259
:10C3200014409D512225AB343006B9174EEFC7FE9D
:10C330005CCCD5DD6AA9E3B8788AF19B87730E627D
:10C3400095501C41A3352A24B1163807CFFF46EE7D
:10C35000DDDC54CDEBB962A8F99A708B0884819525
:10C360001AA793B62CC2A5D33EE1B7F04008C9196D
:10C37000522BDB3A644EED5F766DFF7C899400852D
:10C380009BB712A6ADD224C3BFF136E0C11848094D
:10C39000D33B5A2AE55E6C4FF77D7E6C0AA583B4C9
:10C3A000188691972EE3A7F23CC0B5D14229CB382D
:10C3B000500AD91B666FEF7E744CFD5D8BB502A4ED
:10C3C00099961087AFF326E2BDD034C1C3394A280D
:10C3D000D11A580BE77F6E6EF55C7C4D0CC685D785
:10C3E0001EE597F42880A1913AA3B3B2444ACD5BED
:10C3F0005669DF78600CE91D722FFB3E8DD604C7AD
:10C400009FF516E4A9902081BBB332A2C55A4C4BCC
:10C41000D7795E68E11C680DF33F7A2E0EE787F648
:10C420001CC495D52AA1A3B03882B193466BCF7AAC
:10C430005448DD59622DEB3C700EF91F8FF706E66C
:10C440009DD414C5ABB122A0B9923083C77B4E6A8C
:10C45000D5585C49E33D6A2CF11E780F00000000BE
:10C460006E83F9A22915444ED15727FCC0DD34F55F
:10C47000999562DB4190433CAB6351FE5650435F5C
:10C48000736C6F76696E6700494D555F736C6F769C
:10C49000696E670064656661756C745461736B00E6
:10C4A00047696D62616C000063616E5F73656E6405
:10C4B0005F6D6F746F720000D8C400080000002028
:10C4C00040030000C4010008ECC500084003002040
:10C4D00040C90000200200080118320182100365E3
:10C4E00024F41AAA01410549DA0F494008081250FC
:10C4F000C347CDCCCC3D0409531C110B1AC8421CB8
:10C50000615A2008C1800B70173333EB3A58A08B67
:10C510003A157D04017C100F0240AB034101055325
:10C5200008065804070F160810810911160A15800D
:10C530000B1605300C18010D021B011305731B08A7
:10C5400035041A41041A69041A950413E5721B088C
:10C550001108170403090412011402020216408391
:10C560000440571D020102034D031A1A0313D50C90
:10C570001B08D1041ACD041AF90413510D420814F2
:10C58000810182130A0632022A40901C0902434F9D
:10C59000111DC0320904A11A020B13052416100143
:10C5A00005240110090104240202052406170107CD
:10C5B000058203081C10090485320A2E07050102B2
:10C5C00040072A81071113AD6F14081D6E4C0853E4
:10C5D00071641AB10C13696D1B08DF04C11A31288C
:0CC5E0001AF51C1A71081AE90801400045
:040000050800018965
:00000001FF
